timestamp,value,anomaly_score,S(t)_reward_low_FP_rate,S(t)_reward_low_FN_rate,S(t)_standard
2014-07-06 20:10:00,0.064534524,0.0,0.0,0.0,0.0
2014-07-06 20:15:00,0.064295318,0.0,0.0,0.0,0.0
2014-07-06 20:20:00,0.063879838,0.0,0.0,0.0,0.0
2014-07-06 20:25:00,0.065691833,0.0,0.0,0.0,0.0
2014-07-06 20:35:00,0.056301242,0.0,0.0,0.0,0.0
2014-07-06 20:40:00,0.067750636,0.0,0.0,0.0,0.0
2014-07-06 20:45:00,0.0,0.0,0.0,0.0,0.0
2014-07-06 20:55:00,0.065287908,0.0,0.0,0.0,0.0
2014-07-06 21:00:00,0.063178539,0.0,0.0,0.0,0.0
2014-07-06 21:05:00,0.0,0.0,0.0,0.0,0.0
2014-07-06 21:10:00,0.0,0.0,0.0,0.0,0.0
2014-07-06 21:15:00,0.0,0.0,0.0,0.0,0.0
2014-07-07 16:15:00,0.065932076,0.086454,0.0,0.0,0.0
2014-07-07 16:20:00,0.068277308,0.0,0.0,0.0,0.0
2014-07-07 16:25:00,0.0,0.770127,0.0,0.0,0.0
2014-07-07 16:35:00,0.062787234,0.627135,0.0,0.0,0.0
2014-07-07 16:40:00,0.066577566,0.0,0.0,0.0,0.0
2014-07-07 16:45:00,0.077044715,1.0,0.0,0.0,0.0
2014-07-07 16:50:00,0.075116301,0.0,0.0,0.0,0.0
2014-07-07 16:55:00,0.07199654,0.127702,0.0,0.0,0.0
2014-07-07 17:00:00,0.0,0.0,0.0,0.0,0.0
2014-07-07 17:05:00,0.0,1.0,0.0,0.0,0.0
2014-07-07 17:25:00,0.061142873,0.512592,0.0,0.0,0.0
2014-07-07 17:30:00,0.0,0.0,0.0,0.0,0.0
2014-07-07 17:35:00,0.04943192,0.857989,0.0,0.0,0.0
2014-07-07 17:45:00,0.071269501,0.567607,0.0,0.0,0.0
2014-07-07 17:50:00,0.064887449,0.0,0.0,0.0,0.0
2014-07-07 17:55:00,0.079126387,0.451063,0.0,0.0,0.0
2014-07-07 18:00:00,0.079692364,0.0,0.0,0.0,0.0
2014-07-07 18:05:00,0.064561804,0.389563,0.0,0.0,0.0
2014-07-07 18:10:00,0.076985488,0.0,0.0,0.0,0.0
2014-07-07 18:15:00,0.071985259,0.401826,0.0,0.0,0.0
2014-07-07 18:20:00,0.066090552,0.0,0.0,0.0,0.0
2014-07-07 18:25:00,0.064693249,0.145972,0.0,0.0,0.0
2014-07-07 18:30:00,0.064608783,0.0,0.0,0.0,0.0
2014-07-07 18:35:00,0.067478103,0.213062,0.0,0.0,0.0
2014-07-07 18:40:00,0.069862932,0.0,0.0,0.0,0.0
2014-07-07 18:45:00,0.06589513,0.148803,0.0,0.0,0.0
2014-07-07 18:50:00,0.065224467,0.0,0.0,0.0,0.0
2014-07-07 18:55:00,0.058982897,0.406481,0.0,0.0,0.0
2014-07-07 19:00:00,0.0,0.0,0.0,0.0,0.0
2014-07-07 19:30:00,0.0,0.418207,0.0,0.0,0.0
2014-07-07 20:10:00,0.0,0.772304,0.0,0.0,0.0
2014-07-07 20:15:00,0.075375982,0.450566,0.0,0.0,0.0
2014-07-07 20:20:00,0.068337687,0.0,0.0,0.0,0.0
2014-07-07 20:25:00,0.077055882,0.369292,0.0,0.0,0.0
2014-07-07 20:30:00,0.085102868,0.0,0.0,0.0,0.0
2014-07-07 20:35:00,0.074617078,0.383216,0.0,0.0,0.0
2014-07-07 20:40:00,0.073783769,0.0,0.0,0.0,0.0
2014-07-07 20:45:00,0.067219689,0.386302,0.0,0.0,0.0
2014-07-07 20:50:00,0.082650582,0.0,0.0,0.0,0.0
2014-07-07 20:55:00,0.071369655,0.337746,0.0,0.0,0.0
2014-07-07 21:00:00,0.074396641,0.0,0.0,0.0,0.0
2014-07-07 21:05:00,0.11970953,0.42685,0.0,0.0,0.0
2014-07-07 21:10:00,0.067314457,0.0,0.0,0.0,0.0
2014-07-07 21:15:00,0.072558182,0.389328,0.0,0.0,0.0
2014-07-07 21:20:00,0.067285087,0.0,0.0,0.0,0.0
2014-07-07 21:25:00,0.070712037,0.334271,0.0,0.0,0.0
2014-07-07 21:30:00,0.064641756,0.0,0.0,0.0,0.0
2014-07-07 21:35:00,0.073068096,0.434434,0.0,0.0,0.0
2014-07-07 21:40:00,0.070574748,0.0,0.0,0.0,0.0
2014-07-07 21:45:00,0.066541138,0.165253,0.0,0.0,0.0
2014-07-07 21:50:00,0.070966409,0.0,0.0,0.0,0.0
2014-07-07 21:55:00,0.072068935,0.083093,0.0,0.0,0.0
2014-07-07 22:00:00,0.068014095,0.0,0.0,0.0,0.0
2014-07-07 22:05:00,0.069069546,0.0383,0.0,0.0,0.0
2014-07-07 22:10:00,0.066306158,0.0,0.0,0.0,0.0
2014-07-07 22:15:00,0.071656362,0.296644,0.0,0.0,0.0
2014-07-07 22:20:00,0.070537682,0.0,0.0,0.0,0.0
2014-07-07 22:25:00,0.069981819,0.110248,0.0,0.0,0.0
2014-07-07 22:30:00,0.063712692,0.0,0.0,0.0,0.0
2014-07-07 22:35:00,0.075929066,0.362378,0.0,0.0,0.0
2014-07-07 22:40:00,0.068992963,0.0,0.0,0.0,0.0
2014-07-07 22:45:00,0.073445647,0.358449,0.0,0.0,0.0
2014-07-07 22:50:00,0.07052242,0.0,0.0,0.0,0.0
2014-07-07 22:55:00,0.226947951,1.0,0.0,0.0,0.0
2014-07-07 23:00:00,0.0770232,0.0,0.0,0.0,0.0
2014-07-07 23:05:00,0.072146928,1.0,0.0,0.0,0.0
2014-07-07 23:10:00,0.070184442,0.0,0.0,0.0,0.0
2014-07-07 23:15:00,0.071785589,0.314606,0.0,0.0,0.0
2014-07-07 23:20:00,0.071434908,0.0,0.0,0.0,0.0
2014-07-07 23:25:00,0.065622919,0.092941,0.0,0.0,0.0
2014-07-07 23:30:00,0.081242128,0.0,0.0,0.0,0.0
2014-07-07 23:35:00,0.093692864,0.057612,0.0,0.0,0.0
2014-07-07 23:40:00,0.090847328,0.0,0.0,0.0,0.0
2014-07-07 23:45:00,0.086801539,0.087615,0.0,0.0,0.0
2014-07-07 23:50:00,0.072789827,0.0,0.0,0.0,0.0
2014-07-07 23:55:00,0.075273923,0.321852,0.0,0.0,0.0
2014-07-08 00:00:00,0.0,0.0,0.0,0.0,0.0
2014-07-08 00:05:00,0.074694667,0.734265,0.0,0.0,0.0
2014-07-08 00:10:00,0.070129173,0.0,0.0,0.0,0.0
2014-07-08 00:20:00,0.080410458,0.554881,0.0,0.0,0.0
2014-07-08 00:25:00,0.067807492,0.315797,0.0,0.0,0.0
2014-07-08 00:30:00,0.081913164,0.0,0.0,0.0,0.0
2014-07-08 00:35:00,0.0,1.0,0.0,0.0,0.0
2014-07-08 00:40:00,0.112033203,0.0,0.0,0.0,0.0
2014-07-08 00:45:00,0.089263947,0.765042,0.0,0.0,0.0
2014-07-08 00:50:00,0.071310352,0.0,0.0,0.0,0.0
2014-07-08 00:55:00,0.073491377,0.517951,0.0,0.0,0.0
2014-07-08 01:00:00,0.062912334,0.0,0.0,0.0,0.0
2014-07-08 01:05:00,0.060903851,0.328191,0.0,0.0,0.0
2014-07-08 01:10:00,0.055824222,0.0,0.0,0.0,0.0
2014-07-08 01:15:00,0.062922219,0.254454,0.0,0.0,0.0
2014-07-08 01:20:00,0.077225626,0.0,0.0,0.0,0.0
2014-07-08 01:25:00,0.083142297,0.099695,0.0,0.0,0.0
2014-07-08 01:30:00,0.078444249,0.0,0.0,0.0,0.0
2014-07-08 01:35:00,0.070287943,0.204589,0.0,0.0,0.0
2014-07-08 01:40:00,0.067850363,0.0,0.0,0.0,0.0
2014-07-08 16:20:00,0.066507083,0.200846,0.0,0.0,0.0
2014-07-08 16:25:00,0.072771192,0.200238,0.0,0.0,0.0
2014-07-08 16:30:00,0.058495297,0.0,0.0,0.0,0.0
2014-07-08 16:35:00,0.057057806,0.237718,0.0,0.0,0.0
2014-07-08 16:40:00,0.058605791,0.0,0.0,0.0,0.0
2014-07-08 16:45:00,0.058052596,-0.001903,0.0,0.0,0.0
2014-07-08 16:50:00,0.051507674,0.0,0.0,0.0,0.0
2014-07-08 17:00:00,0.0,0.295978,0.0,0.0,0.0
2014-07-08 17:05:00,0.0,0.323249,0.0,0.0,0.0
2014-07-08 17:20:00,0.069990465,0.256299,0.0,0.0,0.0
2014-07-08 17:25:00,0.081846427,0.269335,0.0,0.0,0.0
2014-07-08 17:30:00,0.068840886,0.0,0.0,0.0,0.0
2014-07-08 17:35:00,0.065170985,0.219051,0.0,0.0,0.0
2014-07-08 17:40:00,0.0,0.0,0.0,0.0,0.0
2014-07-08 17:50:00,0.074625214,0.493831,0.0,0.0,0.0
2014-07-08 17:55:00,0.068300284,0.348154,0.0,0.0,0.0
2014-07-08 18:00:00,0.065351057,0.0,0.0,0.0,0.0
2014-07-08 18:05:00,0.068766445,0.28137,0.0,0.0,0.0
2014-07-08 18:10:00,0.065444042,0.0,0.0,0.0,0.0
2014-07-08 18:15:00,0.073886382,0.287626,0.0,0.0,0.0
2014-07-08 18:20:00,0.072648136,0.0,0.0,0.0,0.0
2014-07-08 18:25:00,0.070162658,0.103658,0.0,0.0,0.0
2014-07-08 18:30:00,0.078440291,0.0,0.0,0.0,0.0
2014-07-08 18:35:00,0.080437172,0.22976,0.0,0.0,0.0
2014-07-08 18:40:00,0.074335158,0.0,0.0,0.0,0.0
2014-07-08 18:45:00,0.070396356,0.023815,0.0,0.0,0.0
2014-07-08 18:50:00,0.068971142,0.0,0.0,0.0,0.0
2014-07-08 18:55:00,0.06825881,0.171306,0.0,0.0,0.0
2014-07-08 19:00:00,0.072411754,0.0,0.0,0.0,0.0
2014-07-08 19:05:00,0.0,0.49382,0.0,0.0,0.0
2014-07-08 19:10:00,0.083314965,0.0,0.0,0.0,0.0
2014-07-08 19:15:00,0.0,0.82503,0.0,0.0,0.0
2014-07-08 19:25:00,0.0,0.427292,0.0,0.0,0.0
2014-07-08 19:35:00,0.072654561,0.245414,0.0,0.0,0.0
2014-07-08 19:40:00,0.070770578,0.0,0.0,0.0,0.0
2014-07-08 19:45:00,0.06535992,0.267308,0.0,0.0,0.0
2014-07-08 19:50:00,0.065162167,0.0,0.0,0.0,0.0
2014-07-08 19:55:00,0.072056066,0.251113,0.0,0.0,0.0
2014-07-08 20:00:00,0.085815709,0.0,0.0,0.0,0.0
2014-07-08 20:05:00,0.101067175,0.145934,0.0,0.0,0.0
2014-07-08 20:10:00,0.102269133,0.0,0.0,0.0,0.0
2014-07-08 20:20:00,0.07337235,0.271952,0.0,0.0,0.0
2014-07-08 20:25:00,0.086461415,0.307404,0.0,0.0,0.0
2014-07-08 20:40:00,0.122939428,0.229215,0.0,0.0,0.0
2014-07-08 21:05:00,0.648676709,0.435625,0.0,0.0,0.0
2014-07-08 21:10:00,0.085586475,0.0,0.0,0.0,0.0
2014-07-08 21:15:00,0.070694787,1.0,0.0,0.0,0.0
2014-07-08 21:20:00,0.095611246,0.0,0.0,0.0,0.0
2014-07-08 21:55:00,0.0,1.0,0.0,0.0,0.0
2014-07-08 22:00:00,0.069631781,0.0,0.0,0.0,0.0
2014-07-08 22:05:00,0.0,0.482698,0.0,0.0,0.0
2014-07-08 22:15:00,0.065337805,0.393632,0.0,0.0,0.0
2014-07-08 22:20:00,0.069423449,0.0,0.0,0.0,0.0
2014-07-08 22:25:00,0.089264929,0.256413,0.0,0.0,0.0
2014-07-08 22:30:00,0.066457554,0.0,0.0,0.0,0.0
2014-07-08 22:35:00,0.0,0.403197,0.0,0.0,0.0
2014-07-08 22:40:00,0.0,0.0,0.0,0.0,0.0
2014-07-08 22:50:00,0.072760044,0.354329,0.0,0.0,0.0
2014-07-08 22:55:00,0.077930063,0.390564,0.0,0.0,0.0
2014-07-08 23:00:00,0.080898616,0.0,0.0,0.0,0.0
2014-07-08 23:05:00,0.0901801,0.230269,0.0,0.0,0.0
2014-07-08 23:10:00,0.096584395,0.0,0.0,0.0,0.0
2014-07-08 23:15:00,0.0,0.429077,0.0,0.0,0.0
2014-07-08 23:20:00,0.0,0.0,0.0,0.0,0.0
2014-07-08 23:25:00,0.073069589,0.421464,0.0,0.0,0.0
2014-07-08 23:30:00,0.075268311,0.0,0.0,0.0,0.0
2014-07-08 23:35:00,0.080200333,0.410394,0.0,0.0,0.0
2014-07-08 23:40:00,0.081870055,0.0,0.0,0.0,0.0
2014-07-08 23:45:00,0.066538187,0.259991,0.0,0.0,0.0
2014-07-08 23:50:00,0.06486616,0.0,0.0,0.0,0.0
2014-07-09 16:20:00,0.078202243,0.251298,0.0,0.0,0.0
2014-07-09 16:25:00,0.08467332,0.099512,0.0,0.0,0.0
2014-07-09 16:30:00,0.077211048,0.0,0.0,0.0,0.0
2014-07-09 16:35:00,0.072798011,0.036952,0.0,0.0,0.0
2014-07-09 16:40:00,0.061893388,0.0,0.0,0.0,0.0
2014-07-09 16:45:00,0.084999126,0.320053,0.0,0.0,0.0
2014-07-09 16:50:00,0.060609814,0.0,0.0,0.0,0.0
2014-07-09 16:55:00,0.058301397,0.303472,0.0,0.0,0.0
2014-07-09 17:00:00,0.068059045,0.0,0.0,0.0,0.0
2014-07-09 17:05:00,0.0,0.416854,0.0,0.0,0.0
2014-07-09 17:15:00,0.065335788,0.341264,0.0,0.0,0.0
2014-07-09 17:20:00,0.065223283,0.0,0.0,0.0,0.0
2014-07-09 17:25:00,0.066603504,0.240887,0.0,0.0,0.0
2014-07-09 17:30:00,0.064493822,0.0,0.0,0.0,0.0
2014-07-09 17:35:00,0.063759473,0.215465,0.0,0.0,0.0
2014-07-09 17:40:00,0.0,0.0,0.0,0.0,0.0
2014-07-09 17:45:00,0.078130967,0.449766,0.0,0.0,0.0
2014-07-09 17:50:00,0.065035345,0.0,0.0,0.0,0.0
2014-07-09 17:55:00,0.073287948,0.375988,0.0,0.0,0.0
2014-07-09 18:00:00,0.078835874,0.0,0.0,0.0,0.0
2014-07-09 18:05:00,0.061821222,0.27689,0.0,0.0,0.0
2014-07-09 18:10:00,0.058587455,0.0,0.0,0.0,0.0
2014-07-09 18:15:00,0.072103732,0.284375,0.0,0.0,0.0
2014-07-09 18:20:00,0.06053375,0.0,0.0,0.0,0.0
2014-07-09 18:25:00,0.07560126,0.292407,0.0,0.0,0.0
2014-07-09 18:30:00,0.066407159,0.0,0.0,0.0,0.0
2014-07-09 18:35:00,0.066940445,0.223312,0.0,0.0,0.0
2014-07-09 18:40:00,0.067622642,0.0,0.0,0.0,0.0
2014-07-09 18:45:00,0.06494316,-0.017677,0.0,0.0,0.0
2014-07-09 18:50:00,0.07410472,0.0,0.0,0.0,0.0
2014-07-09 18:55:00,0.0,0.399191,0.0,0.0,0.0
2014-07-09 19:25:00,0.0,0.329777,0.0,0.0,0.0
2014-07-09 19:45:00,0.076853483,0.120252,0.0,0.0,0.0
2014-07-09 19:50:00,0.075200748,0.0,0.0,0.0,0.0
2014-07-09 19:55:00,0.072262396,0.20149,0.0,0.0,0.0
2014-07-09 20:00:00,0.072677156,0.0,0.0,0.0,0.0
2014-07-09 20:05:00,0.0,0.395338,0.0,0.0,0.0
2014-07-09 20:10:00,0.074125749,0.0,0.0,0.0,0.0
2014-07-09 20:15:00,0.071203032,0.544967,0.0,0.0,0.0
2014-07-09 20:20:00,0.076607068,0.0,0.0,0.0,0.0
2014-07-09 20:25:00,0.0,0.395434,0.0,0.0,0.0
2014-07-09 20:30:00,0.0,0.0,0.0,0.0,0.0
2014-07-09 20:40:00,0.072540702,0.471648,0.0,0.0,0.0
2014-07-09 20:45:00,0.0,0.411715,0.0,0.0,0.0
2014-07-09 20:50:00,0.0,0.0,0.0,0.0,0.0
2014-07-09 21:00:00,0.072589764,0.690547,0.0,0.0,0.0
2014-07-09 21:05:00,0.073043263,0.306877,0.0,0.0,0.0
2014-07-09 21:10:00,0.071478658,0.0,0.0,0.0,0.0
2014-07-09 21:15:00,0.06925759,0.36311,0.0,0.0,0.0
2014-07-09 21:20:00,0.074117643,0.0,0.0,0.0,0.0
2014-07-09 21:25:00,0.083657749,0.04896,0.0,0.0,0.0
2014-07-09 21:30:00,0.100010991,0.0,0.0,0.0,0.0
2014-07-09 21:35:00,0.081676399,0.286655,0.0,0.0,0.0
2014-07-09 21:40:00,0.06905876,0.0,0.0,0.0,0.0
2014-07-09 21:45:00,0.076641826,0.28089,0.0,0.0,0.0
2014-07-09 21:50:00,0.065264078,0.0,0.0,0.0,0.0
2014-07-09 21:55:00,0.061516019,0.210665,0.0,0.0,0.0
2014-07-09 22:00:00,0.064245564,0.0,0.0,0.0,0.0
2014-07-09 22:05:00,0.067416084,-0.011856,0.0,0.0,0.0
2014-07-09 22:10:00,0.065174883,0.0,0.0,0.0,0.0
2014-07-09 22:15:00,0.063981892,0.166657,0.0,0.0,0.0
2014-07-09 22:20:00,0.070781631,0.0,0.0,0.0,0.0
2014-07-09 22:25:00,0.07091886,0.042524,0.0,0.0,0.0
2014-07-09 22:30:00,0.072767741,0.0,0.0,0.0,0.0
2014-07-09 22:35:00,0.066281284,0.167177,0.0,0.0,0.0
2014-07-09 22:40:00,0.068282272,0.0,0.0,0.0,0.0
2014-07-09 22:45:00,0.072731916,0.00091,0.0,0.0,0.0
2014-07-09 22:50:00,0.531583598,0.0,0.0,0.0,0.0
2014-07-09 22:55:00,0.0,1.0,0.0,0.0,0.0
2014-07-10 20:05:00,0.0675856,1.0,0.0,0.0,0.0
2014-07-10 20:10:00,0.069346799,0.0,0.0,0.0,0.0
2014-07-10 20:15:00,0.069808377,0.096824,0.0,0.0,0.0
2014-07-10 20:20:00,0.064024417,0.0,0.0,0.0,0.0
2014-07-10 20:25:00,0.059894006,0.09651,0.0,0.0,0.0
2014-07-10 20:30:00,0.0,0.0,0.0,0.0,0.0
2014-07-10 20:35:00,0.052889268,0.4065,0.0,0.0,0.0
2014-07-10 20:40:00,0.069996505,0.0,0.0,0.0,0.0
2014-07-10 20:45:00,0.090819702,0.379434,0.0,0.0,0.0
2014-07-10 20:50:00,0.092357278,0.0,0.0,0.0,0.0
2014-07-10 20:55:00,0.073224392,0.352468,0.0,0.0,0.0
2014-07-10 21:00:00,0.074288471,0.0,0.0,0.0,0.0
2014-07-10 21:05:00,0.080144506,0.133428,0.0,0.0,0.0
2014-07-10 21:10:00,0.096451795,0.0,0.0,0.0,0.0
2014-07-10 21:15:00,0.082496673,0.259216,0.0,0.0,0.0
2014-07-10 21:20:00,0.06315431,0.0,0.0,0.0,0.0
2014-07-10 21:25:00,0.062846261,0.253993,0.0,0.0,0.0
2014-07-10 21:30:00,0.067098234,0.0,0.0,0.0,0.0
2014-07-10 21:35:00,0.070040669,0.243274,0.0,0.0,0.0
2014-07-10 21:40:00,0.151596686,0.0,0.0,0.0,0.0
2014-07-10 21:45:00,0.075223056,0.553997,0.0,0.0,0.0
2014-07-10 21:50:00,0.07014687,0.0,0.0,0.0,0.0
2014-07-10 21:55:00,0.06984607,0.373766,0.0,0.0,0.0
2014-07-10 22:00:00,0.0,0.0,0.0,0.0,0.0
2014-07-10 22:05:00,0.067074281,0.403479,0.0,0.0,0.0
2014-07-10 22:10:00,0.069360377,0.0,0.0,0.0,0.0
2014-07-10 22:15:00,0.06914248,0.36054,0.0,0.0,0.0
2014-07-10 22:20:00,0.070213866,0.0,0.0,0.0,0.0
2014-07-10 22:25:00,0.076050628,0.115227,0.0,0.0,0.0
2014-07-10 22:30:00,0.086771271,0.0,0.0,0.0,0.0
2014-07-10 22:35:00,0.072209089,0.289873,0.0,0.0,0.0
2014-07-10 22:45:00,0.063050624,0.198443,0.0,0.0,0.0
2014-07-10 22:50:00,0.073276401,0.0,0.0,0.0,0.0
2014-07-10 22:55:00,0.07553544,0.179856,0.0,0.0,0.0
2014-07-10 23:00:00,0.071689969,0.0,0.0,0.0,0.0
2014-07-10 23:05:00,0.070439837,0.057218,0.0,0.0,0.0
2014-07-10 23:10:00,0.063566086,0.0,0.0,0.0,0.0
2014-07-10 23:15:00,0.059849366,0.250348,0.0,0.0,0.0
2014-07-10 23:20:00,0.061594495,0.0,0.0,0.0,0.0
2014-07-10 23:25:00,0.066851831,-0.017684,0.0,0.0,0.0
2014-07-10 23:30:00,0.062975055,0.0,0.0,0.0,0.0
2014-07-10 23:35:00,0.064608037,0.143383,0.0,0.0,0.0
2014-07-10 23:40:00,0.061033292,0.0,0.0,0.0,0.0
2014-07-10 23:45:00,0.063397739,0.045436,0.0,0.0,0.0
2014-07-10 23:50:00,0.059772211,0.0,0.0,0.0,0.0
2014-07-10 23:55:00,0.068874465,0.127191,0.0,0.0,0.0
2014-07-11 00:00:00,0.082920038,0.0,0.0,0.0,0.0
2014-07-11 00:05:00,0.085849524,0.086351,0.0,0.0,0.0
2014-07-11 00:10:00,0.0,0.0,0.0,0.0,0.0
2014-07-11 00:15:00,0.0,0.363674,0.0,0.0,0.0
2014-07-11 00:35:00,0.117173433,0.488629,0.0,0.0,0.0
2014-07-11 00:40:00,0.05802717,0.0,0.0,0.0,0.0
2014-07-11 00:45:00,0.0,0.238518,0.0,0.0,0.0
2014-07-11 01:20:00,0.0,0.463744,0.0,0.0,0.0
2014-07-11 01:30:00,0.110067689,0.337229,0.0,0.0,0.0
2014-07-11 01:35:00,0.113982558,0.43351,0.0,0.0,0.0
2014-07-11 01:40:00,0.0,0.0,0.0,0.0,0.0
2014-07-11 01:45:00,0.0,0.39281,0.0,0.0,0.0
2014-07-11 01:50:00,0.0,0.0,0.0,0.0,0.0
2014-07-11 01:55:00,0.0,0.47365,0.0,0.0,0.0
2014-07-11 02:00:00,0.0,0.0,0.0,0.0,0.0
2014-07-11 02:05:00,0.0,0.008072,0.0,0.0,0.0
2014-07-11 02:10:00,0.0,0.0,0.0,0.0,0.0
2014-07-11 02:15:00,0.0,0.336552,0.0,0.0,0.0
2014-07-11 02:20:00,0.0,0.0,0.0,0.0,0.0
2014-07-11 02:25:00,0.0,0.657799,0.0,0.0,0.0
2014-07-11 02:30:00,0.0,0.0,0.0,0.0,0.0
2014-07-11 02:35:00,0.0,0.225003,0.0,0.0,0.0
2014-07-11 02:40:00,0.0,0.0,0.0,0.0,0.0
2014-07-11 02:45:00,0.0,0.342933,0.0,0.0,0.0
2014-07-11 02:50:00,0.0,0.0,0.0,0.0,0.0
2014-07-11 02:55:00,0.0,0.065422,0.0,0.0,0.0
2014-07-11 03:00:00,0.0,0.0,0.0,0.0,0.0
2014-07-11 03:05:00,0.0,1.0,-0.22,-0.11,-0.11
2014-07-11 03:10:00,0.0,0.0,0.0,0.0,0.0
2014-07-11 03:15:00,0.0,0.115427,0.0,0.0,0.0
2014-07-11 03:20:00,0.0,0.0,0.0,0.0,0.0
2014-07-11 03:25:00,0.0,0.266914,0.0,0.0,0.0
2014-07-11 03:35:00,0.0,0.670756,0.0,0.0,0.0
2014-07-11 03:40:00,0.0,0.0,0.0,0.0,0.0
2014-07-11 03:45:00,0.0,0.478476,0.0,0.0,0.0
2014-07-11 03:50:00,0.0,0.0,0.0,0.0,0.0
2014-07-11 07:30:00,0.03192997,0.127563,0.0,0.0,0.0
2014-07-11 07:35:00,0.0,0.263887,0.0,0.0,0.0
2014-07-11 07:40:00,0.0,0.0,0.0,0.0,0.0
2014-07-11 07:45:00,0.0,0.213267,0.0,0.0,0.0
2014-07-11 07:50:00,0.0,0.0,0.0,0.0,0.0
2014-07-11 07:55:00,0.0,0.00836,0.0,0.0,0.0
2014-07-11 08:00:00,0.0,0.0,0.0,0.0,0.0
2014-07-11 08:05:00,0.0,0.04548,0.0,0.0,0.0
2014-07-11 08:10:00,0.0,0.0,0.0,0.0,0.0
2014-07-11 08:15:00,0.0,0.006646,0.0,0.0,0.0
2014-07-11 08:20:00,0.0,0.0,0.0,0.0,0.0
2014-07-11 08:25:00,0.0,0.222462,0.0,0.0,0.0
2014-07-11 08:35:00,0.0,0.01524,0.0,0.0,0.0
2014-07-11 08:40:00,0.0,0.0,0.0,0.0,0.0
2014-07-11 08:45:00,0.0,0.206952,0.0,0.0,0.0
2014-07-11 08:50:00,0.0,0.0,0.0,0.0,0.0
2014-07-11 08:55:00,0.0,0.003176,0.0,0.0,0.0
2014-07-11 09:00:00,0.0,0.0,0.0,0.0,0.0
2014-07-11 09:05:00,0.0,0.454179,0.0,0.0,0.0
2014-07-11 09:10:00,0.0,0.0,0.0,0.0,0.0
2014-07-11 09:15:00,0.0,-0.01888,0.0,0.0,0.0
2014-07-11 09:20:00,0.0,0.0,0.0,0.0,0.0
2014-07-11 09:25:00,0.0,0.183164,0.0,0.0,0.0
2014-07-11 09:30:00,0.0,0.0,0.0,0.0,0.0
2014-07-11 09:35:00,0.0,0.31292,0.0,0.0,0.0
2014-07-11 09:40:00,0.0,0.0,0.0,0.0,0.0
2014-07-11 09:45:00,0.0,0.400123,0.0,0.0,0.0
2014-07-11 09:50:00,0.0,0.0,0.0,0.0,0.0
2014-07-11 09:55:00,0.0,0.007861,0.0,0.0,0.0
2014-07-11 10:00:00,0.0,0.0,0.0,0.0,0.0
2014-07-11 10:05:00,0.0,0.165156,0.0,0.0,0.0
2014-07-11 10:10:00,0.0,0.0,0.0,0.0,0.0
2014-07-11 10:15:00,0.0,0.275074,0.0,0.0,0.0
2014-07-11 10:20:00,0.0,0.0,0.0,0.0,0.0
2014-07-11 10:30:00,0.0,0.376449,0.0,0.0,0.0
2014-07-11 10:35:00,0.0,-0.051689,0.0,0.0,0.0
2014-07-11 10:40:00,0.0,0.0,0.0,0.0,0.0
2014-07-11 10:45:00,0.0,0.150701,0.0,0.0,0.0
2014-07-11 10:50:00,0.0,0.0,0.0,0.0,0.0
2014-07-11 10:55:00,0.0,0.233122,0.0,0.0,0.0
2014-07-11 11:00:00,0.0,0.0,0.0,0.0,0.0
2014-07-11 11:05:00,0.0,0.360852,0.0,0.0,0.0
2014-07-11 11:10:00,0.0,0.0,0.0,0.0,0.0
2014-07-11 11:15:00,0.0,0.014226,0.0,0.0,0.0
2014-07-11 11:20:00,0.0,0.0,0.0,0.0,0.0
2014-07-11 11:25:00,0.0,0.138653,0.0,0.0,0.0
2014-07-11 11:30:00,0.0,0.0,0.0,0.0,0.0
2014-07-11 11:35:00,0.0,1.0,-0.22,-0.11,-0.11
2014-07-11 11:40:00,0.0,0.0,0.0,0.0,0.0
2014-07-11 11:45:00,0.0,0.349372,0.0,0.0,0.0
2014-07-11 11:50:00,0.0,0.0,0.0,0.0,0.0
2014-07-11 11:55:00,0.0,-0.052653,0.0,0.0,0.0
2014-07-11 12:00:00,0.0,0.0,0.0,0.0,0.0
2014-07-11 12:05:00,0.0,0.128341,0.0,0.0,0.0
2014-07-11 12:10:00,0.0,0.0,0.0,0.0,0.0
2014-07-11 12:15:00,0.0,0.186847,0.0,0.0,0.0
2014-07-11 12:20:00,0.0,0.0,0.0,0.0,0.0
2014-07-11 12:25:00,0.0,0.34039,0.0,0.0,0.0
2014-07-11 12:30:00,0.0,0.0,0.0,0.0,0.0
2014-07-11 12:35:00,0.0,0.606508,0.0,0.0,0.0
2014-07-11 12:45:00,0.0,0.119338,0.0,0.0,0.0
2014-07-11 12:50:00,0.0,0.0,0.0,0.0,0.0
2014-07-11 12:55:00,0.0,0.365878,0.0,0.0,0.0
2014-07-11 13:00:00,0.0,0.0,0.0,0.0,0.0
2014-07-11 13:05:00,0.0,0.333065,0.0,0.0,0.0
2014-07-11 13:10:00,0.0,0.0,0.0,0.0,0.0
2014-07-11 13:15:00,0.0,-0.053604,0.0,0.0,0.0
2014-07-11 13:20:00,0.0,0.0,0.0,0.0,0.0
2014-07-11 13:25:00,0.0,0.111357,0.0,0.0,0.0
2014-07-11 13:30:00,0.0,0.0,0.0,0.0,0.0
2014-07-11 13:35:00,0.0,0.158932,0.0,0.0,0.0
2014-07-11 13:40:00,0.0,0.0,0.0,0.0,0.0
2014-07-11 13:45:00,0.0,0.326905,0.0,0.0,0.0
2014-07-11 13:50:00,0.0,0.0,0.0,0.0,0.0
2014-07-11 13:55:00,0.0,0.261846,0.0,0.0,0.0
2014-07-11 14:00:00,0.0,0.0,0.0,0.0,0.0
2014-07-11 14:05:00,0.0,0.104194,0.0,0.0,0.0
2014-07-11 14:10:00,0.0,0.0,0.0,0.0,0.0
2014-07-11 14:15:00,0.0,0.336708,0.0,0.0,0.0
2014-07-11 14:20:00,0.0,0.0,0.0,0.0,0.0
2014-07-11 14:25:00,0.0,0.321603,0.0,0.0,0.0
2014-07-11 14:30:00,0.0,0.0,0.0,0.0,0.0
2014-07-11 14:35:00,0.0,-0.054541,0.0,0.0,0.0
2014-07-11 14:45:00,0.0,0.0977,0.0,0.0,0.0
2014-07-11 14:50:00,0.0,0.0,0.0,0.0,0.0
2014-07-11 14:55:00,0.0,0.132275,0.0,0.0,0.0
2014-07-11 15:00:00,0.0,0.0,0.0,0.0,0.0
2014-07-11 15:05:00,0.0,0.316954,0.0,0.0,0.0
2014-07-11 15:10:00,0.0,0.0,0.0,0.0,0.0
2014-07-11 15:15:00,0.0,0.22586,0.0,0.0,0.0
2014-07-11 15:20:00,0.0,0.0,0.0,0.0,0.0
2014-07-11 16:10:00,0.09863162,0.146708,0.0,0.0,0.0
2014-07-11 16:15:00,0.08272386,0.240157,0.0,0.0,0.0
2014-07-11 16:20:00,0.085230736,0.0,0.0,0.0,0.0
2014-07-11 16:25:00,0.06826363,0.281133,0.0,0.0,0.0
2014-07-11 16:30:00,0.082736923,0.0,0.0,0.0,0.0
2014-07-11 16:35:00,0.073087134,0.247797,0.0,0.0,0.0
2014-07-11 16:40:00,0.06398754,0.0,0.0,0.0,0.0
2014-07-11 16:45:00,0.075739592,0.273367,0.0,0.0,0.0
2014-07-11 16:50:00,0.06987537,0.0,0.0,0.0,0.0
2014-07-11 16:55:00,0.069682799,0.222643,0.0,0.0,0.0
2014-07-11 17:00:00,0.073080403,0.0,0.0,0.0,0.0
2014-07-11 17:05:00,0.0,0.381269,0.0,0.0,0.0
2014-07-11 17:15:00,0.894877604,0.501427,0.0,0.0,0.0
2014-07-11 17:20:00,0.089343013,0.0,0.0,0.0,0.0
2014-07-11 17:25:00,0.065345519,1.0,-0.22,-0.11,-0.11
2014-07-11 17:30:00,0.067827237,0.0,0.0,0.0,0.0
2014-07-11 17:35:00,0.0,1.0,-0.22,-0.11,-0.11
2014-07-11 18:10:00,0.075923366,1.0,-0.22,-0.11,-0.11
2014-07-11 18:15:00,0.063932613,0.476398,0.0,0.0,0.0
2014-07-11 18:20:00,0.089588782,0.0,0.0,0.0,0.0
2014-07-11 18:25:00,0.085891063,0.275994,0.0,0.0,0.0
2014-07-11 18:30:00,0.067534644,0.0,0.0,0.0,0.0
2014-07-11 18:35:00,0.070183776,0.571561,0.0,0.0,0.0
2014-07-11 18:40:00,0.069429169,0.0,0.0,0.0,0.0
2014-07-11 18:45:00,0.073223894,0.19811,0.0,0.0,0.0
2014-07-11 18:50:00,0.066217605,0.0,0.0,0.0,0.0
2014-07-11 18:55:00,0.062421981,0.077803,0.0,0.0,0.0
2014-07-11 19:00:00,0.07063684,0.0,0.0,0.0,0.0
2014-07-11 19:05:00,0.068916717,0.145662,0.0,0.0,0.0
2014-07-11 19:10:00,0.064045422,0.0,0.0,0.0,0.0
2014-07-11 19:15:00,0.06963963,0.459452,0.0,0.0,0.0
2014-07-11 19:20:00,0.070939419,0.0,0.0,0.0,0.0
2014-07-11 19:25:00,0.069709579,-0.025859,0.0,0.0,0.0
2014-07-11 19:30:00,0.068598365,0.0,0.0,0.0,0.0
2014-07-11 19:35:00,0.0,0.378667,0.0,0.0,0.0
2014-07-11 20:10:00,0.0,0.289921,0.0,0.0,0.0
2014-07-11 20:20:00,0.063635359,0.28239,0.0,0.0,0.0
2014-07-11 20:25:00,0.06422909,0.250692,0.0,0.0,0.0
2014-07-11 20:30:00,0.070774645,0.0,0.0,0.0,0.0
2014-07-11 20:35:00,0.068035847,0.264156,0.0,0.0,0.0
2014-07-11 20:40:00,0.071887277,0.0,0.0,0.0,0.0
2014-07-11 20:45:00,0.066371174,0.140346,0.0,0.0,0.0
2014-07-11 20:50:00,0.073693152,0.0,0.0,0.0,0.0
2014-07-11 20:55:00,0.074337182,0.108458,0.0,0.0,0.0
2014-07-11 21:00:00,0.081452785,0.0,0.0,0.0,0.0
2014-07-11 21:05:00,0.080226873,0.14379,0.0,0.0,0.0
2014-07-11 21:10:00,0.075866301,0.0,0.0,0.0,0.0
2014-07-11 21:15:00,0.082649088,0.109146,0.0,0.0,0.0
2014-07-11 21:20:00,0.067151591,0.0,0.0,0.0,0.0
2014-07-11 21:25:00,0.071230778,0.20389,0.0,0.0,0.0
2014-07-11 21:30:00,0.064547304,0.0,0.0,0.0,0.0
2014-07-11 21:35:00,0.058622577,0.05454,0.0,0.0,0.0
2014-07-11 21:40:00,0.061547311,0.0,0.0,0.0,0.0
2014-07-11 21:45:00,0.062709794,-0.021366,0.0,0.0,0.0
2014-07-11 21:50:00,0.076483583,0.0,0.0,0.0,0.0
2014-07-11 21:55:00,0.066729108,0.236514,0.0,0.0,0.0
2014-07-11 22:00:00,0.070420094,0.0,0.0,0.0,0.0
2014-07-11 22:05:00,0.087912241,0.25138,0.0,0.0,0.0
2014-07-11 22:10:00,0.0,0.0,0.0,0.0,0.0
2014-07-11 22:15:00,0.065736168,0.417537,0.0,0.0,0.0
2014-07-11 22:20:00,0.070528229,0.0,0.0,0.0,0.0
2014-07-11 22:25:00,0.071410126,0.401171,0.0,0.0,0.0
2014-07-11 22:30:00,0.0,0.0,0.0,0.0,0.0
2014-07-11 22:35:00,0.071144378,0.397217,0.0,0.0,0.0
2014-07-11 22:40:00,0.071581309,0.0,0.0,0.0,0.0
2014-07-11 22:45:00,0.081845461,0.395548,0.0,0.0,0.0
2014-07-11 22:50:00,0.077930015,0.0,0.0,0.0,0.0
2014-07-11 22:55:00,0.077977317,0.336635,0.0,0.0,0.0
2014-07-11 23:00:00,0.086169364,0.0,0.0,0.0,0.0
2014-07-11 23:05:00,0.083144763,0.081841,0.0,0.0,0.0
2014-07-11 23:10:00,0.058807518,0.0,0.0,0.0,0.0
2014-07-11 23:15:00,0.082003931,0.303699,0.0,0.0,0.0
2014-07-11 23:20:00,0.078386908,0.0,0.0,0.0,0.0
2014-07-11 23:25:00,0.072364739,0.240659,0.0,0.0,0.0
2014-07-11 23:30:00,0.075285607,0.0,0.0,0.0,0.0
2014-07-11 23:35:00,0.076338906,0.038663,0.0,0.0,0.0
2014-07-11 23:40:00,0.069559493,0.0,0.0,0.0,0.0
2014-07-11 23:45:00,0.079055729,0.211973,0.0,0.0,0.0
2014-07-11 23:50:00,0.064776535,0.0,0.0,0.0,0.0
2014-07-11 23:55:00,0.0,0.398348,0.0,0.0,0.0
2014-07-12 00:00:00,0.065120301,0.0,0.0,0.0,0.0
2014-07-12 00:05:00,0.081144121,0.324708,0.0,0.0,0.0
2014-07-12 00:10:00,0.069493738,0.0,0.0,0.0,0.0
2014-07-12 00:15:00,0.07132172,0.451559,0.0,0.0,0.0
2014-07-12 00:20:00,0.081749101,0.0,0.0,0.0,0.0
2014-07-12 00:25:00,0.080946782,0.079742,0.0,0.0,0.0
2014-07-12 00:30:00,0.043550134,0.0,0.0,0.0,0.0
2014-07-12 00:35:00,0.071189478,0.365987,0.0,0.0,0.0
2014-07-12 00:40:00,0.076516333,0.0,0.0,0.0,0.0
2014-07-12 00:45:00,0.072232337,0.29071,0.0,0.0,0.0
2014-07-12 00:50:00,0.075773713,0.0,0.0,0.0,0.0
2014-07-12 00:55:00,0.072497933,0.212152,0.0,0.0,0.0
2014-07-12 01:00:00,0.078945033,0.0,0.0,0.0,0.0
2014-07-12 01:05:00,0.066033045,0.225406,0.0,0.0,0.0
2014-07-12 01:10:00,0.071879928,0.0,0.0,0.0,0.0
2014-07-12 01:15:00,0.064920046,0.221602,0.0,0.0,0.0
2014-07-12 01:20:00,0.072398779,0.0,0.0,0.0,0.0
2014-07-12 01:25:00,0.061562998,0.212492,0.0,0.0,0.0
2014-07-12 01:30:00,0.075128839,0.0,0.0,0.0,0.0
2014-07-12 18:10:00,0.072355048,0.207726,0.0,0.0,0.0
2014-07-12 18:15:00,0.07390092,0.082967,0.0,0.0,0.0
2014-07-12 18:20:00,0.064606555,0.0,0.0,0.0,0.0
2014-07-12 18:25:00,0.063249826,0.028584,0.0,0.0,0.0
2014-07-12 18:30:00,0.079823196,0.0,0.0,0.0,0.0
2014-07-12 18:35:00,0.0,0.378349,0.0,0.0,0.0
2014-07-14 16:10:00,0.066142584,0.465568,0.0,0.0,0.0
2014-07-14 16:15:00,0.082683495,0.296652,0.0,0.0,0.0
2014-07-14 16:20:00,0.121088107,0.0,0.0,0.0,0.0
2014-07-14 16:25:00,0.078241639,0.397298,0.0,0.0,0.0
2014-07-14 16:30:00,0.11917909,0.0,0.0,0.0,0.0
2014-07-14 16:35:00,0.082868306,0.474403,0.0,0.0,0.0
2014-07-14 16:40:00,0.077474031,0.0,0.0,0.0,0.0
2014-07-14 16:45:00,0.076853245,0.356302,0.0,0.0,0.0
2014-07-14 16:50:00,0.067214002,0.0,0.0,0.0,0.0
2014-07-14 16:55:00,0.0,0.414263,0.0,0.0,0.0
2014-07-14 17:00:00,0.0,0.0,0.0,0.0,0.0
2014-07-14 17:05:00,0.066244671,0.447562,0.0,0.0,0.0
2014-07-14 17:10:00,0.076446056,0.0,0.0,0.0,0.0
2014-07-14 17:15:00,0.0832685,0.406574,0.0,0.0,0.0
2014-07-14 17:20:00,0.084635518,0.0,0.0,0.0,0.0
2014-07-14 17:25:00,0.070059102,0.333538,0.0,0.0,0.0
2014-07-14 17:30:00,0.0,0.0,0.0,0.0,0.0
2014-07-14 17:35:00,0.0843253,0.473396,0.0,0.0,0.0
2014-07-14 17:40:00,0.090023782,0.0,0.0,0.0,0.0
2014-07-14 17:45:00,0.086879535,0.44055,0.0,0.0,0.0
2014-07-14 17:50:00,0.096119506,0.0,0.0,0.0,0.0
2014-07-14 17:55:00,0.087577124,0.368551,0.0,0.0,0.0
2014-07-14 18:15:00,0.0,0.366492,0.0,0.0,0.0
2014-07-14 18:20:00,0.0,0.0,0.0,0.0,0.0
2014-07-14 18:25:00,0.0,0.049923,0.0,0.0,0.0
2014-07-14 18:30:00,0.0,0.0,0.0,0.0,0.0
2014-07-14 18:35:00,0.0,0.30133,0.0,0.0,0.0
2014-07-14 18:40:00,0.0,0.0,0.0,0.0,0.0
2014-07-14 18:45:00,0.0,0.094796,0.0,0.0,0.0
2014-07-14 18:50:00,0.0,0.0,0.0,0.0,0.0
2014-07-14 18:55:00,0.0,0.278066,0.0,0.0,0.0
2014-07-14 19:00:00,0.0,0.0,0.0,0.0,0.0
2014-07-14 19:05:00,0.0,0.117372,0.0,0.0,0.0
2014-07-14 19:10:00,0.0,0.0,0.0,0.0,0.0
2014-07-14 19:15:00,0.0,0.409446,0.0,0.0,0.0
2014-07-14 19:20:00,0.0,0.0,0.0,0.0,0.0
2014-07-14 19:25:00,0.0,0.114151,0.0,0.0,0.0
2014-07-14 19:30:00,0.0,0.0,0.0,0.0,0.0
2014-07-14 19:40:00,0.0,0.084336,0.0,0.0,0.0
2014-07-14 19:45:00,0.099778858,0.419578,0.0,0.0,0.0
2014-07-14 19:50:00,0.0,0.0,0.0,0.0,0.0
2014-07-14 19:55:00,0.0,0.451497,0.0,0.0,0.0
2014-07-14 20:00:00,0.0,0.0,0.0,0.0,0.0
2014-07-14 20:05:00,0.0,0.398872,0.0,0.0,0.0
2014-07-14 20:10:00,0.109809041,0.0,0.0,0.0,0.0
2014-07-14 20:15:00,0.0,0.670045,0.0,0.0,0.0
2014-07-14 20:20:00,0.0,0.0,0.0,0.0,0.0
2014-07-14 20:30:00,0.088004306,0.442886,0.0,0.0,0.0
2014-07-14 20:35:00,0.0,0.602213,0.0,0.0,0.0
2014-07-14 20:40:00,0.0,0.0,0.0,0.0,0.0
2014-07-14 20:45:00,0.0,0.418472,0.0,0.0,0.0
2014-07-14 20:50:00,0.0,0.0,0.0,0.0,0.0
2014-07-14 20:55:00,0.0,0.266783,0.0,0.0,0.0
2014-07-14 21:00:00,0.0,0.0,0.0,0.0,0.0
2014-07-14 21:05:00,0.085474809,0.426788,0.0,0.0,0.0
2014-07-14 21:10:00,0.0,0.0,0.0,0.0,0.0
2014-07-14 21:15:00,0.0,0.399462,0.0,0.0,0.0
2014-07-14 21:20:00,0.0,0.0,0.0,0.0,0.0
2014-07-14 21:25:00,0.0,0.355265,0.0,0.0,0.0
2014-07-14 21:30:00,0.0,0.0,0.0,0.0,0.0
2014-07-14 21:35:00,0.0,0.40616,0.0,0.0,0.0
2014-07-14 21:40:00,0.0,0.0,0.0,0.0,0.0
2014-07-14 21:45:00,0.0,0.090797,0.0,0.0,0.0
2014-07-14 21:50:00,0.0,0.0,0.0,0.0,0.0
2014-07-14 21:55:00,0.0,0.199695,0.0,0.0,0.0
2014-07-14 22:00:00,0.0,0.0,0.0,0.0,0.0
2014-07-14 22:05:00,0.0,0.112452,0.0,0.0,0.0
2014-07-14 22:10:00,0.0,0.0,0.0,0.0,0.0
2014-07-14 22:15:00,0.0,0.032754,0.0,0.0,0.0
2014-07-14 22:20:00,0.0,0.0,0.0,0.0,0.0
2014-07-14 22:25:00,0.0,0.109489,0.0,0.0,0.0
2014-07-14 22:30:00,0.0,0.0,0.0,0.0,0.0
2014-07-14 22:35:00,0.0,0.221542,0.0,0.0,0.0
2014-07-14 22:40:00,0.0,0.0,0.0,0.0,0.0
2014-07-14 22:45:00,0.0,0.106654,0.0,0.0,0.0
2014-07-14 22:50:00,0.0,0.0,0.0,0.0,0.0
2014-07-14 22:55:00,0.0,0.159967,0.0,0.0,0.0
2014-07-14 23:00:00,0.0,0.0,0.0,0.0,0.0
2014-07-14 23:05:00,0.0,0.171394,0.0,0.0,0.0
2014-07-14 23:10:00,0.0,0.0,0.0,0.0,0.0
2014-07-14 23:15:00,0.0,-0.030257,0.0,0.0,0.0
2014-07-14 23:20:00,0.0,0.0,0.0,0.0,0.0
2014-07-14 23:25:00,0.0,0.101293,0.0,0.0,0.0
2014-07-14 23:30:00,0.0,0.0,0.0,0.0,0.0
2014-07-14 23:35:00,0.0,0.152305,0.0,0.0,0.0
2014-07-14 23:40:00,0.0,0.0,0.0,0.0,0.0
2014-07-14 23:45:00,0.0,0.166566,0.0,0.0,0.0
2014-07-14 23:50:00,0.0,0.0,0.0,0.0,0.0
2014-07-14 23:55:00,0.0,0.069391,0.0,0.0,0.0
2014-07-15 00:00:00,0.0,0.0,0.0,0.0,0.0
2014-07-15 00:05:00,0.113392589,0.412493,0.0,0.0,0.0
2014-07-15 00:10:00,0.153085695,0.0,0.0,0.0,0.0
2014-07-15 00:15:00,0.0,0.63332,0.0,0.0,0.0
2014-07-15 00:20:00,0.0,0.0,0.0,0.0,0.0
2014-07-15 00:25:00,0.0,0.554062,0.0,0.0,0.0
2014-07-15 00:30:00,0.081910849,0.0,0.0,0.0,0.0
2014-07-15 00:35:00,0.0,0.614579,0.0,0.0,0.0
2014-07-15 00:40:00,0.0,0.0,0.0,0.0,0.0
2014-07-15 00:45:00,0.0,0.433164,0.0,0.0,0.0
2014-07-15 00:50:00,0.0,0.0,0.0,0.0,0.0
2014-07-15 00:55:00,0.0,0.402807,0.0,0.0,0.0
2014-07-15 01:00:00,0.0,0.0,0.0,0.0,0.0
2014-07-15 01:05:00,0.0,0.061774,0.0,0.0,0.0
2014-07-15 01:10:00,0.0,0.0,0.0,0.0,0.0
2014-07-15 01:15:00,0.0,0.26921,0.0,0.0,0.0
2014-07-15 01:20:00,0.0,0.0,0.0,0.0,0.0
2014-07-15 01:25:00,0.0,0.096983,0.0,0.0,0.0
2014-07-15 01:30:00,0.0,0.0,0.0,0.0,0.0
2014-07-15 01:35:00,0.0,-0.016662,0.0,0.0,0.0
2014-07-15 01:40:00,0.0,0.0,0.0,0.0,0.0
2014-07-15 01:45:00,0.0,0.094599,0.0,0.0,0.0
2014-07-15 01:50:00,0.0,0.0,0.0,0.0,0.0
2014-07-15 01:55:00,0.0,0.028346,0.0,0.0,0.0
2014-07-15 02:00:00,0.0,0.0,0.0,0.0,0.0
2014-07-15 02:05:00,0.0,0.092293,0.0,0.0,0.0
2014-07-15 02:10:00,0.0,0.0,0.0,0.0,0.0
2014-07-15 02:15:00,0.0,0.08238,0.0,0.0,0.0
2014-07-15 02:20:00,0.0,0.0,0.0,0.0,0.0
2014-07-15 02:25:00,0.0,0.162631,0.0,0.0,0.0
2014-07-15 02:30:00,0.0,0.0,0.0,0.0,0.0
2014-07-15 02:35:00,0.0,0.236231,0.0,0.0,0.0
2014-07-15 02:40:00,0.0,0.0,0.0,0.0,0.0
2014-07-15 02:45:00,0.0,0.087885,0.0,0.0,0.0
2014-07-15 02:50:00,0.0,0.0,0.0,0.0,0.0
2014-07-15 02:55:00,0.0,0.146352,0.0,0.0,0.0
2014-07-15 03:00:00,0.0,0.0,0.0,0.0,0.0
2014-07-15 03:05:00,0.0,0.158678,0.0,0.0,0.0
2014-07-15 03:10:00,0.0,0.0,0.0,0.0,0.0
2014-07-15 03:15:00,0.0,-0.02774,0.0,0.0,0.0
2014-07-15 03:20:00,0.0,0.0,0.0,0.0,0.0
2014-07-15 03:25:00,0.0,0.083723,0.0,0.0,0.0
2014-07-15 03:30:00,0.0,0.0,0.0,0.0,0.0
2014-07-15 03:35:00,0.0,0.139865,0.0,0.0,0.0
2014-07-15 03:40:00,0.0,0.0,0.0,0.0,0.0
2014-07-15 03:45:00,0.0,0.155067,0.0,0.0,0.0
2014-07-15 03:50:00,0.0,0.0,0.0,0.0,0.0
2014-07-15 03:55:00,0.0,0.01652,0.0,0.0,0.0
2014-07-15 04:00:00,0.0,0.0,0.0,0.0,0.0
2014-07-15 04:05:00,0.0,0.07978,0.0,0.0,0.0
2014-07-15 04:10:00,0.0,0.0,0.0,0.0,0.0
2014-07-15 04:15:00,0.0,0.133944,0.0,0.0,0.0
2014-07-15 04:20:00,0.0,0.0,0.0,0.0,0.0
2014-07-15 04:25:00,0.0,0.151744,0.0,0.0,0.0
2014-07-15 04:30:00,0.0,0.0,0.0,0.0,0.0
2014-07-15 04:35:00,0.0,0.221779,0.856010846824,0.856010846824,0.856010846824
2014-07-15 04:40:00,0.0,0.0,0.0,0.0,0.0
2014-07-15 04:45:00,0.0,0.076035,0.0,0.0,0.0
2014-07-15 04:50:00,0.0,0.0,0.0,0.0,0.0
2014-07-15 04:55:00,0.0,0.320744,0.0,0.0,0.0
2014-07-15 05:00:00,0.0,0.0,0.0,0.0,0.0
2014-07-15 05:05:00,0.0,0.148669,0.0,0.0,0.0
2014-07-15 05:10:00,0.0,0.0,0.0,0.0,0.0
2014-07-15 05:15:00,0.0,0.009275,0.0,0.0,0.0
2014-07-15 05:20:00,0.0,0.0,0.0,0.0,0.0
2014-07-15 05:25:00,0.0,0.072469,0.0,0.0,0.0
2014-07-15 05:30:00,0.0,0.0,0.0,0.0,0.0
2014-07-15 05:35:00,0.0,0.123344,0.0,0.0,0.0
2014-07-15 05:40:00,0.0,0.0,0.0,0.0,0.0
2014-07-15 05:45:00,0.0,0.145808,0.0,0.0,0.0
2014-07-15 05:50:00,0.0,0.0,0.0,0.0,0.0
2014-07-15 05:55:00,0.0,0.193867,0.0,0.0,0.0
2014-07-15 06:00:00,0.0,0.0,0.0,0.0,0.0
2014-07-15 06:05:00,0.0,0.069064,0.0,0.0,0.0
2014-07-15 06:10:00,0.0,0.0,0.0,0.0,0.0
2014-07-15 06:15:00,0.0,0.292025,0.0,0.0,0.0
2014-07-15 06:20:00,0.0,0.0,0.0,0.0,0.0
2014-07-15 06:25:00,0.0,0.143134,0.0,0.0,0.0
2014-07-15 06:30:00,0.0,0.0,0.0,0.0,0.0
2014-07-15 06:35:00,0.0,-0.037632,0.0,0.0,0.0
2014-07-15 06:40:00,0.0,0.0,0.0,0.0,0.0
2014-07-15 06:45:00,0.0,0.065809,0.0,0.0,0.0
2014-07-15 06:50:00,0.0,0.0,0.0,0.0,0.0
2014-07-15 06:55:00,0.0,0.114071,0.0,0.0,0.0
2014-07-15 07:00:00,0.0,0.0,0.0,0.0,0.0
2014-07-15 07:05:00,0.0,0.140624,0.0,0.0,0.0
2014-07-15 07:10:00,0.0,0.0,0.0,0.0,0.0
2014-07-15 07:15:00,0.0,0.175119,0.0,0.0,0.0
2014-07-15 07:20:00,0.0,0.0,0.0,0.0,0.0
2014-07-15 07:25:00,0.0,0.062689,0.0,0.0,0.0
2014-07-15 07:30:00,0.0,0.0,0.0,0.0,0.0
2014-07-15 07:35:00,0.0,0.273476,0.0,0.0,0.0
2014-07-15 07:40:00,0.0,0.0,0.0,0.0,0.0
2014-07-15 07:45:00,0.0,0.13826,0.0,0.0,0.0
2014-07-15 07:50:00,0.0,0.0,0.0,0.0,0.0
2014-07-15 07:55:00,0.0,0.03709,0.0,0.0,0.0
2014-07-15 08:00:00,0.0,0.0,0.0,0.0,0.0
2014-07-15 08:05:00,0.0,0.059694,0.0,0.0,0.0
2014-07-15 08:10:00,0.0,0.0,0.0,0.0,0.0
2014-07-15 08:15:00,0.0,0.105838,0.0,0.0,0.0
2014-07-15 08:20:00,0.0,0.0,0.0,0.0,0.0
2014-07-15 08:25:00,0.0,0.136026,0.0,0.0,0.0
2014-07-15 08:30:00,0.0,0.0,0.0,0.0,0.0
2014-07-15 08:35:00,0.0,1.0,0.0,0.0,0.0
2014-07-15 08:40:00,0.0,0.0,0.0,0.0,0.0
2014-07-15 08:45:00,0.0,0.056815,0.0,0.0,0.0
2014-07-15 08:50:00,0.0,0.0,0.0,0.0,0.0
2014-07-15 08:55:00,0.0,0.259951,0.0,0.0,0.0
2014-07-15 09:00:00,0.0,0.0,0.0,0.0,0.0
2014-07-15 09:05:00,0.0,0.133907,0.0,0.0,0.0
2014-07-15 09:10:00,0.0,0.0,0.0,0.0,0.0
2014-07-15 09:15:00,0.0,-0.037331,0.0,0.0,0.0
2014-07-15 09:20:00,0.0,0.0,0.0,0.0,0.0
2014-07-15 09:25:00,0.0,0.054044,0.0,0.0,0.0
2014-07-15 09:30:00,0.0,0.0,0.0,0.0,0.0
2014-07-15 09:35:00,0.0,0.098441,0.0,0.0,0.0
2014-07-15 09:40:00,0.0,0.0,0.0,0.0,0.0
2014-07-15 09:45:00,0.0,0.131893,0.0,0.0,0.0
2014-07-15 09:50:00,0.0,0.0,0.0,0.0,0.0
2014-07-15 09:55:00,0.0,0.148586,0.0,0.0,0.0
2014-07-15 10:05:00,0.074724019,0.240305,0.0,0.0,0.0
2014-07-15 10:40:00,0.081010018,0.387766,0.0,0.0,0.0
2014-07-15 10:45:00,0.072983488,0.200725,0.0,0.0,0.0
2014-07-15 10:50:00,0.086187639,0.0,0.0,0.0,0.0
2014-07-15 10:55:00,0.081845165,0.274477,0.0,0.0,0.0
2014-07-15 11:20:00,0.087103692,0.208138,0.0,0.0,0.0
2014-07-15 11:25:00,0.084364615,0.038955,0.0,0.0,0.0
2014-07-15 11:30:00,0.095506993,0.0,0.0,0.0,0.0
2014-07-15 11:35:00,0.065466642,0.360183,0.0,0.0,0.0
2014-07-15 11:40:00,0.089246559,0.0,0.0,0.0,0.0
2014-07-15 11:45:00,0.067008018,0.367834,0.0,0.0,0.0
2014-07-15 11:55:00,0.091611182,0.315638,0.0,0.0,0.0
2014-07-15 12:00:00,0.078721786,0.0,0.0,0.0,0.0
2014-07-15 12:05:00,0.0,0.390319,0.0,0.0,0.0
2014-07-15 12:10:00,0.082381546,0.0,0.0,0.0,0.0
2014-07-15 12:15:00,0.116034985,0.44687,0.0,0.0,0.0
2014-07-15 12:20:00,0.0,0.0,0.0,0.0,0.0
2014-07-15 12:25:00,0.084316413,0.551761,0.0,0.0,0.0
2014-07-15 12:30:00,0.086454409,0.0,0.0,0.0,0.0
2014-07-15 12:35:00,0.085921212,0.428095,0.0,0.0,0.0
2014-07-15 12:40:00,0.0,0.0,0.0,0.0,0.0
2014-07-15 12:45:00,0.078981244,0.473478,0.0,0.0,0.0
2014-07-15 12:50:00,0.071727986,0.0,0.0,0.0,0.0
2014-07-15 12:55:00,0.08374694,0.421864,0.0,0.0,0.0
2014-07-15 13:00:00,0.127655029,0.0,0.0,0.0,0.0
2014-07-15 13:05:00,0.072111138,0.404048,0.0,0.0,0.0
2014-07-15 13:10:00,0.070604499,0.0,0.0,0.0,0.0
2014-07-15 13:15:00,0.070273212,0.376325,0.0,0.0,0.0
2014-07-15 13:20:00,0.068471751,0.0,0.0,0.0,0.0
2014-07-15 13:25:00,0.086299364,0.320458,0.0,0.0,0.0
2014-07-15 13:30:00,0.0,0.0,0.0,0.0,0.0
2014-07-15 13:35:00,0.0,0.416054,0.0,0.0,0.0
2014-07-15 13:40:00,0.077449515,0.0,0.0,0.0,0.0
2014-07-15 13:45:00,0.067616585,0.391051,0.0,0.0,0.0
2014-07-15 13:50:00,0.078807843,0.0,0.0,0.0,0.0
2014-07-15 13:55:00,0.072743363,0.553607,0.0,0.0,0.0
2014-07-15 14:00:00,0.0,0.0,0.0,0.0,0.0
2014-07-15 14:05:00,0.0,0.385649,0.0,0.0,0.0
2014-07-15 14:10:00,0.0,0.0,0.0,0.0,0.0
2014-07-15 14:15:00,0.0,0.423946,0.0,0.0,0.0
2014-07-15 14:25:00,0.080492813,0.256967,0.0,0.0,0.0
2014-07-15 14:30:00,0.079255867,0.0,0.0,0.0,0.0
2014-07-15 14:35:00,0.099784017,0.448494,0.0,0.0,0.0
2014-07-15 14:40:00,0.094524997,0.0,0.0,0.0,0.0
2014-07-15 14:45:00,0.0,0.409795,0.0,0.0,0.0
2014-07-15 14:50:00,0.0,0.0,0.0,0.0,0.0
2014-07-15 14:55:00,0.0,0.420398,0.0,0.0,0.0
2014-07-15 15:00:00,0.148122787,0.0,0.0,0.0,0.0
2014-07-15 15:05:00,0.089310208,0.596803,0.0,0.0,0.0
2014-07-15 15:10:00,0.072272571,0.0,0.0,0.0,0.0
2014-07-15 15:15:00,0.076298205,0.541148,0.0,0.0,0.0
2014-07-15 15:20:00,0.072686692,0.0,0.0,0.0,0.0
2014-07-15 15:25:00,0.087627718,0.368389,0.0,0.0,0.0
2014-07-15 15:30:00,0.09528804,0.0,0.0,0.0,0.0
2014-07-15 15:35:00,0.081453664,0.409725,0.0,0.0,0.0
2014-07-15 15:40:00,0.079814911,0.0,0.0,0.0,0.0
2014-07-15 15:45:00,0.094125643,0.284464,0.0,0.0,0.0
2014-07-15 15:50:00,0.083192171,0.0,0.0,0.0,0.0
2014-07-15 15:55:00,0.085912533,0.265178,0.0,0.0,0.0
2014-07-15 16:00:00,0.084625536,0.0,0.0,0.0,0.0
2014-07-15 16:05:00,0.082236197,0.001589,0.0,0.0,0.0
2014-07-15 16:10:00,0.088903112,0.0,0.0,0.0,0.0
2014-07-15 16:15:00,0.085081768,0.167741,0.0,0.0,0.0
2014-07-15 16:20:00,0.079566366,0.0,0.0,0.0,0.0
2014-07-15 16:25:00,0.073478292,0.127895,0.0,0.0,0.0
2014-07-15 16:30:00,0.072119777,0.0,0.0,0.0,0.0
2014-07-15 16:35:00,0.08529961,0.279506,0.0,0.0,0.0
2014-07-15 16:45:00,0.0,0.269557,0.0,0.0,0.0
2014-07-15 16:50:00,0.0,0.0,0.0,0.0,0.0
2014-07-15 16:55:00,0.0,0.409603,0.0,0.0,0.0
2014-07-15 17:00:00,0.0,0.0,0.0,0.0,0.0
2014-07-15 17:05:00,0.0,0.200175,0.0,0.0,0.0
2014-07-15 17:10:00,0.0,0.0,0.0,0.0,0.0
2014-07-15 17:15:00,0.0,0.300849,0.0,0.0,0.0
2014-07-15 17:20:00,0.0,0.0,0.0,0.0,0.0
2014-07-15 17:25:00,0.078008972,0.43767,0.0,0.0,0.0
2014-07-15 17:30:00,0.111104952,0.0,0.0,0.0,0.0
2014-07-15 17:35:00,0.087882042,0.394675,0.0,0.0,0.0
2014-07-15 17:40:00,0.068434081,0.0,0.0,0.0,0.0
2014-07-15 17:45:00,0.0,0.422344,0.0,0.0,0.0
2014-07-15 17:50:00,0.0,0.0,0.0,0.0,0.0
2014-07-15 17:55:00,0.114406149,0.435754,0.0,0.0,0.0
2014-07-15 18:00:00,0.063544533,0.0,0.0,0.0,0.0
2014-07-15 18:05:00,0.0,0.407478,0.0,0.0,0.0
2014-07-15 18:10:00,0.0,0.0,0.0,0.0,0.0
2014-07-15 18:15:00,0.06955913,0.641565,0.0,0.0,0.0
2014-07-15 18:20:00,0.069773555,0.0,0.0,0.0,0.0
2014-07-15 18:25:00,0.068620113,0.39417,0.0,0.0,0.0
2014-07-15 18:30:00,0.076710861,0.0,0.0,0.0,0.0
2014-07-15 18:35:00,0.074751744,0.331434,0.0,0.0,0.0
2014-07-15 18:40:00,0.074691659,0.0,0.0,0.0,0.0
2014-07-15 18:45:00,0.080636783,0.079846,0.0,0.0,0.0
2014-07-15 18:50:00,0.073058015,0.0,0.0,0.0,0.0
2014-07-15 18:55:00,0.069489793,0.052472,0.0,0.0,0.0
2014-07-15 19:00:00,0.072557135,0.0,0.0,0.0,0.0
2014-07-15 19:05:00,0.073479031,-0.01498,0.0,0.0,0.0
2014-07-15 19:10:00,0.071080778,0.0,0.0,0.0,0.0
2014-07-15 19:15:00,0.071638993,0.083429,0.0,0.0,0.0
2014-07-15 19:20:00,0.07121422,0.0,0.0,0.0,0.0
2014-07-15 19:25:00,0.075122619,0.032657,0.0,0.0,0.0
2014-07-15 19:30:00,0.08179059,0.0,0.0,0.0,0.0
2014-07-15 19:35:00,0.071841574,0.262178,0.0,0.0,0.0
2014-07-15 19:40:00,0.137128337,0.0,0.0,0.0,0.0
2014-07-15 19:45:00,0.0,0.612706,0.0,0.0,0.0
2014-07-15 19:50:00,0.0,0.0,0.0,0.0,0.0
2014-07-15 19:55:00,0.0,0.465585,0.0,0.0,0.0
2014-07-15 20:05:00,0.062971173,0.376524,0.0,0.0,0.0
2014-07-15 20:10:00,0.0,0.0,0.0,0.0,0.0
2014-07-15 20:15:00,0.0,0.490298,0.0,0.0,0.0
2014-07-15 20:25:00,0.0,0.339313,0.0,0.0,0.0
2014-07-15 20:30:00,0.0,0.0,0.0,0.0,0.0
2014-07-15 20:35:00,0.0,0.395837,0.0,0.0,0.0
2014-07-15 20:40:00,0.0,0.0,0.0,0.0,0.0
2014-07-15 20:45:00,0.0,0.080945,0.0,0.0,0.0
2014-07-15 20:50:00,0.0,0.0,0.0,0.0,0.0
2014-07-15 20:55:00,0.0,0.171871,0.0,0.0,0.0
2014-07-15 21:00:00,0.0,0.0,0.0,0.0,0.0
2014-07-15 21:05:00,0.0,0.054072,0.0,0.0,0.0
2014-07-15 21:10:00,0.0,0.0,0.0,0.0,0.0
2014-07-15 21:15:00,0.0,0.346633,0.0,0.0,0.0
2014-07-15 21:20:00,0.0,0.0,0.0,0.0,0.0
2014-07-15 21:25:00,0.0,0.052766,0.0,0.0,0.0
2014-07-15 21:30:00,0.0,0.0,0.0,0.0,0.0
2014-07-15 21:35:00,0.0,0.076579,0.0,0.0,0.0
2014-07-15 21:40:00,0.0,0.0,0.0,0.0,0.0
2014-07-15 21:45:00,0.0,0.131438,0.0,0.0,0.0
2014-07-15 21:50:00,0.0,0.0,0.0,0.0,0.0
2014-07-15 21:55:00,0.0,0.0566,0.0,0.0,0.0
2014-07-15 22:00:00,0.0,0.0,0.0,0.0,0.0
2014-07-15 22:05:00,0.0,0.050237,0.0,0.0,0.0
2014-07-15 22:10:00,0.0,0.0,0.0,0.0,0.0
2014-07-15 22:15:00,0.0,0.09948,0.0,0.0,0.0
2014-07-15 22:20:00,0.0,0.0,0.0,0.0,0.0
2014-07-15 22:25:00,0.0,0.129577,0.0,0.0,0.0
2014-07-15 22:30:00,0.0,0.0,0.0,0.0,0.0
2014-07-15 22:35:00,0.0,0.209075,0.0,0.0,0.0
2014-07-15 22:40:00,0.0,0.0,0.0,0.0,0.0
2014-07-15 22:45:00,0.0,0.047792,0.0,0.0,0.0
2014-07-15 22:50:00,0.0,0.0,0.0,0.0,0.0
2014-07-15 22:55:00,0.0,0.096163,0.0,0.0,0.0
2014-07-15 23:00:00,0.0,0.0,0.0,0.0,0.0
2014-07-15 23:05:00,0.0,0.127798,0.0,0.0,0.0
2014-07-15 23:10:00,0.0,0.0,0.0,0.0,0.0
2014-07-15 23:15:00,0.0,0.042752,0.0,0.0,0.0
2014-07-15 23:20:00,0.0,0.0,0.0,0.0,0.0
2014-07-15 23:25:00,0.0,0.045426,0.0,0.0,0.0
2014-07-15 23:30:00,0.08347703,0.0,0.0,0.0,0.0
2014-07-15 23:35:00,0.0,0.575228,0.0,0.0,0.0
2014-07-15 23:40:00,0.0,0.0,0.0,0.0,0.0
2014-07-15 23:45:00,0.0,0.40408,0.0,0.0,0.0
2014-07-15 23:50:00,0.0,0.0,0.0,0.0,0.0
2014-07-15 23:55:00,0.0,0.307319,0.0,0.0,0.0
2014-07-16 00:00:00,0.0,0.0,0.0,0.0,0.0
2014-07-16 00:05:00,0.0,0.054644,0.0,0.0,0.0
2014-07-16 00:10:00,0.0,0.0,0.0,0.0,0.0
2014-07-16 00:15:00,0.0,0.225919,0.0,0.0,0.0
2014-07-16 00:20:00,0.0,0.0,0.0,0.0,0.0
2014-07-16 00:25:00,0.0,0.044528,0.0,0.0,0.0
2014-07-16 00:30:00,0.0,0.0,0.0,0.0,0.0
2014-07-16 00:35:00,0.0,0.027535,0.0,0.0,0.0
2014-07-16 00:40:00,0.0,0.0,0.0,0.0,0.0
2014-07-16 00:45:00,0.0,0.043391,0.0,0.0,0.0
2014-07-16 00:50:00,0.0,0.0,0.0,0.0,0.0
2014-07-16 00:55:00,0.0,0.05076,0.0,0.0,0.0
2014-07-16 01:00:00,0.0,0.0,0.0,0.0,0.0
2014-07-16 01:05:00,0.0,0.126252,0.0,0.0,0.0
2014-07-16 01:10:00,0.0,0.0,0.0,0.0,0.0
2014-07-16 01:15:00,0.0,0.150559,0.0,0.0,0.0
2014-07-16 01:20:00,0.0,0.0,0.0,0.0,0.0
2014-07-16 01:25:00,0.0,0.041171,0.0,0.0,0.0
2014-07-16 01:30:00,0.0,0.0,0.0,0.0,0.0
2014-07-16 01:35:00,0.0,0.093837,0.0,0.0,0.0
2014-07-16 01:40:00,0.0,0.0,0.0,0.0,0.0
2014-07-16 01:45:00,0.0,0.124611,0.0,0.0,0.0
2014-07-16 01:50:00,0.0,0.0,0.0,0.0,0.0
2014-07-16 01:55:00,0.0,-0.034729,0.0,0.0,0.0
2014-07-16 02:00:00,0.0,0.0,0.0,0.0,0.0
2014-07-16 02:05:00,0.0,0.030607,0.0,0.0,0.0
2014-07-16 02:10:00,0.0,0.0,0.0,0.0,0.0
2014-07-16 02:15:00,0.0,0.090848,0.0,0.0,0.0
2014-07-16 02:20:00,0.0,0.0,0.0,0.0,0.0
2014-07-16 02:25:00,0.0,0.123034,0.0,0.0,0.0
2014-07-16 02:30:00,0.0,0.0,0.0,0.0,0.0
2014-07-16 02:35:00,0.0,0.007386,0.0,0.0,0.0
2014-07-16 02:40:00,0.0,0.0,0.0,0.0,0.0
2014-07-16 02:45:00,0.0,0.028511,0.0,0.0,0.0
2014-07-16 02:50:00,0.0,0.0,0.0,0.0,0.0
2014-07-16 02:55:00,0.0,0.087956,0.0,0.0,0.0
2014-07-16 03:00:00,0.0,0.0,0.0,0.0,0.0
2014-07-16 03:05:00,0.0,0.121515,0.0,0.0,0.0
2014-07-16 03:10:00,0.0,0.0,0.0,0.0,0.0
2014-07-16 03:15:00,0.0,0.04098,0.0,0.0,0.0
2014-07-16 03:20:00,0.0,0.0,0.0,0.0,0.0
2014-07-16 03:25:00,0.0,0.026474,0.0,0.0,0.0
2014-07-16 03:30:00,0.0,0.0,0.0,0.0,0.0
2014-07-16 03:35:00,0.0,0.252754,0.0,0.0,0.0
2014-07-16 03:40:00,0.0,0.0,0.0,0.0,0.0
2014-07-16 03:45:00,0.0,0.12005,0.0,0.0,0.0
2014-07-16 03:50:00,0.0,0.0,0.0,0.0,0.0
2014-07-16 03:55:00,0.0,-0.031057,0.0,0.0,0.0
2014-07-16 04:00:00,0.0,0.0,0.0,0.0,0.0
2014-07-16 04:05:00,0.0,0.024491,0.0,0.0,0.0
2014-07-16 04:10:00,0.0,0.0,0.0,0.0,0.0
2014-07-16 04:15:00,0.0,0.082501,0.0,0.0,0.0
2014-07-16 04:20:00,0.0,0.0,0.0,0.0,0.0
2014-07-16 04:25:00,0.0,0.118635,0.0,0.0,0.0
2014-07-16 04:30:00,0.0,0.0,0.0,0.0,0.0
2014-07-16 04:35:00,0.0,0.141648,0.0,0.0,0.0
2014-07-16 04:40:00,0.0,0.0,0.0,0.0,0.0
2014-07-16 04:45:00,0.0,0.022561,0.0,0.0,0.0
2014-07-16 04:50:00,0.0,0.0,0.0,0.0,0.0
2014-07-16 04:55:00,0.0,0.243971,0.0,0.0,0.0
2014-07-16 05:00:00,0.0,0.0,0.0,0.0,0.0
2014-07-16 05:05:00,0.0,0.117266,0.0,0.0,0.0
2014-07-16 05:10:00,0.0,0.0,0.0,0.0,0.0
2014-07-16 05:15:00,0.0,0.004208,0.0,0.0,0.0
2014-07-16 05:20:00,0.0,0.0,0.0,0.0,0.0
2014-07-16 05:25:00,0.0,0.02068,0.0,0.0,0.0
2014-07-16 05:30:00,0.0,0.0,0.0,0.0,0.0
2014-07-16 05:35:00,0.0,0.077432,0.0,0.0,0.0
2014-07-16 05:40:00,0.0,0.0,0.0,0.0,0.0
2014-07-16 05:45:00,0.0,0.115941,0.0,0.0,0.0
2014-07-16 05:50:00,0.0,0.0,0.0,0.0,0.0
2014-07-16 05:55:00,0.0,0.132801,0.0,0.0,0.0
2014-07-16 06:00:00,0.0,0.0,0.0,0.0,0.0
2014-07-16 06:05:00,0.0,0.018846,0.0,0.0,0.0
2014-07-16 06:10:00,0.0,0.0,0.0,0.0,0.0
2014-07-16 06:15:00,0.0,0.236662,0.0,0.0,0.0
2014-07-16 06:20:00,0.0,0.0,0.0,0.0,0.0
2014-07-16 06:25:00,0.0,0.114657,0.0,0.0,0.0
2014-07-16 06:30:00,0.0,0.0,0.0,0.0,0.0
2014-07-16 06:35:00,0.0,-0.032187,0.0,0.0,0.0
2014-07-16 06:40:00,0.0,0.0,0.0,0.0,0.0
2014-07-16 06:45:00,0.0,0.017057,0.0,0.0,0.0
2014-07-16 06:50:00,0.0,0.0,0.0,0.0,0.0
2014-07-16 06:55:00,0.0,0.072701,0.0,0.0,0.0
2014-07-16 07:00:00,0.0,0.0,0.0,0.0,0.0
2014-07-16 07:05:00,0.0,0.113411,0.0,0.0,0.0
2014-07-16 07:10:00,0.0,0.0,0.0,0.0,0.0
2014-07-16 07:15:00,0.0,0.12504,0.0,0.0,0.0
2014-07-16 07:20:00,0.0,0.0,0.0,0.0,0.0
2014-07-16 07:25:00,0.0,0.01531,0.0,0.0,0.0
2014-07-16 07:30:00,0.0,0.0,0.0,0.0,0.0
2014-07-16 07:35:00,0.0,0.230431,0.0,0.0,0.0
2014-07-16 07:40:00,0.0,0.0,0.0,0.0,0.0
2014-07-16 07:45:00,0.0,0.112201,0.0,0.0,0.0
2014-07-16 07:50:00,0.0,0.0,0.0,0.0,0.0
2014-07-16 07:55:00,0.0,0.708371,0.0,0.0,0.0
2014-07-16 08:00:00,0.0,0.0,0.0,0.0,0.0
2014-07-16 08:05:00,0.0,0.013604,0.0,0.0,0.0
2014-07-16 08:10:00,0.0,0.0,0.0,0.0,0.0
2014-07-16 08:15:00,0.0,0.068265,0.0,0.0,0.0
2014-07-16 08:20:00,0.0,0.0,0.0,0.0,0.0
2014-07-16 08:25:00,0.0,0.111025,0.0,0.0,0.0
2014-07-16 08:30:00,0.0,0.0,0.0,0.0,0.0
2014-07-16 08:35:00,0.0,0.36652,0.0,0.0,0.0
2014-07-16 08:40:00,0.0,0.0,0.0,0.0,0.0
2014-07-16 08:45:00,0.0,0.011937,0.0,0.0,0.0
2014-07-16 08:50:00,0.0,0.0,0.0,0.0,0.0
2014-07-16 08:55:00,0.0,0.225018,0.0,0.0,0.0
2014-07-16 09:00:00,0.0,0.0,0.0,0.0,0.0
2014-07-16 09:05:00,0.0,0.109881,0.0,0.0,0.0
2014-07-16 09:10:00,0.0,0.0,0.0,0.0,0.0
2014-07-16 09:15:00,0.0,-0.0333,0.0,0.0,0.0
2014-07-16 09:20:00,0.0,0.0,0.0,0.0,0.0
2014-07-16 09:25:00,0.0,0.010306,0.0,0.0,0.0
2014-07-16 09:30:00,0.0,0.0,0.0,0.0,0.0
2014-07-16 09:35:00,0.0,0.06409,0.0,0.0,0.0
2014-07-16 09:40:00,0.0,0.0,0.0,0.0,0.0
2014-07-16 09:45:00,0.0,0.108767,0.0,0.0,0.0
2014-07-16 09:50:00,0.0,0.0,0.0,0.0,0.0
2014-07-16 09:55:00,0.0,0.103167,0.0,0.0,0.0
2014-07-16 10:00:00,0.0,0.0,0.0,0.0,0.0
2014-07-16 10:05:00,0.0,0.008712,0.0,0.0,0.0
2014-07-16 10:10:00,0.0,0.0,0.0,0.0,0.0
2014-07-16 10:15:00,0.0,0.220244,0.0,0.0,0.0
2014-07-16 10:20:00,0.076638222,0.0,0.0,0.0,0.0
2014-07-16 10:25:00,0.0,0.566084,0.0,0.0,0.0
2014-07-16 10:30:00,0.0,0.0,0.0,0.0,0.0
2014-07-16 10:35:00,0.0,0.400215,0.0,0.0,0.0
2014-07-16 10:40:00,0.0,0.0,0.0,0.0,0.0
2014-07-16 10:45:00,0.0,0.272644,0.0,0.0,0.0
2014-07-16 10:50:00,0.0,0.0,0.0,0.0,0.0
2014-07-16 10:55:00,0.0,0.168771,0.0,0.0,0.0
2014-07-16 11:00:00,0.0,0.0,0.0,0.0,0.0
2014-07-16 11:05:00,0.0,0.070028,0.0,0.0,0.0
2014-07-16 11:10:00,0.0,0.0,0.0,0.0,0.0
2014-07-16 11:15:00,0.0,0.196607,0.0,0.0,0.0
2014-07-16 11:20:00,0.0,0.0,0.0,0.0,0.0
2014-07-16 11:25:00,0.0,0.008407,0.0,0.0,0.0
2014-07-16 11:30:00,0.0,0.0,0.0,0.0,0.0
2014-07-16 11:35:00,0.0,0.03618,0.0,0.0,0.0
2014-07-16 11:40:00,0.0,0.0,0.0,0.0,0.0
2014-07-16 11:45:00,0.0,0.007629,0.0,0.0,0.0
2014-07-16 11:50:00,0.0,0.0,0.0,0.0,0.0
2014-07-16 11:55:00,0.0,0.043963,0.0,0.0,0.0
2014-07-16 12:00:00,0.0,0.0,0.0,0.0,0.0
2014-07-16 12:05:00,0.0,0.006861,0.0,0.0,0.0
2014-07-16 12:10:00,0.0,0.0,0.0,0.0,0.0
2014-07-16 12:15:00,0.0,0.060628,0.0,0.0,0.0
2014-07-16 12:20:00,0.0,0.0,0.0,0.0,0.0
2014-07-16 12:25:00,0.0,0.10788,0.0,0.0,0.0
2014-07-16 12:30:00,0.0,0.0,0.0,0.0,0.0
2014-07-16 12:35:00,0.0,0.015815,0.0,0.0,0.0
2014-07-16 12:40:00,0.0,0.0,0.0,0.0,0.0
2014-07-16 12:45:00,0.0,0.005351,0.0,0.0,0.0
2014-07-16 12:50:00,0.0,0.0,0.0,0.0,0.0
2014-07-16 12:55:00,0.0,0.05876,0.0,0.0,0.0
2014-07-16 13:00:00,0.0,0.0,0.0,0.0,0.0
2014-07-16 13:05:00,0.0,0.106819,0.0,0.0,0.0
2014-07-16 13:10:00,0.0,0.0,0.0,0.0,0.0
2014-07-16 13:15:00,0.0,-0.002752,0.0,0.0,0.0
2014-07-16 13:20:00,0.0,0.0,0.0,0.0,0.0
2014-07-16 13:25:00,0.0,0.003871,0.0,0.0,0.0
2014-07-16 13:30:00,0.0,0.0,0.0,0.0,0.0
2014-07-16 13:35:00,0.0,0.05692,0.0,0.0,0.0
2014-07-16 13:40:00,0.0,0.0,0.0,0.0,0.0
2014-07-16 13:45:00,0.0,0.105785,0.0,0.0,0.0
2014-07-16 13:50:00,0.0,0.0,0.0,0.0,0.0
2014-07-16 13:55:00,0.0,0.028361,0.0,0.0,0.0
2014-07-16 14:00:00,0.0,0.0,0.0,0.0,0.0
2014-07-16 14:05:00,0.0,0.00242,0.0,0.0,0.0
2014-07-16 14:10:00,0.0,0.0,0.0,0.0,0.0
2014-07-16 14:15:00,0.0,0.216281,0.0,0.0,0.0
2014-07-16 14:20:00,0.0,0.0,0.0,0.0,0.0
2014-07-16 14:25:00,0.0,0.104776,0.0,0.0,0.0
2014-07-16 14:30:00,0.0,0.0,0.0,0.0,0.0
2014-07-16 14:35:00,0.0,-0.034819,0.0,0.0,0.0
2014-07-16 14:40:00,0.0,0.0,0.0,0.0,0.0
2014-07-16 14:45:00,0.0,0.000997,0.0,0.0,0.0
2014-07-16 14:50:00,0.0,0.0,0.0,0.0,0.0
2014-07-16 14:55:00,0.0,0.05338,0.0,0.0,0.0
2014-07-16 15:00:00,0.0,0.0,0.0,0.0,0.0
2014-07-16 15:05:00,0.0,0.103789,0.0,0.0,0.0
2014-07-16 15:10:00,0.0,0.0,0.0,0.0,0.0
2014-07-16 15:15:00,0.0,0.098974,0.0,0.0,0.0
2014-07-16 15:20:00,0.0,0.0,0.0,0.0,0.0
2014-07-16 15:25:00,0.0,-0.000398,0.0,0.0,0.0
2014-07-16 15:30:00,0.0,0.0,0.0,0.0,0.0
2014-07-16 15:35:00,0.0,0.212411,0.0,0.0,0.0
2014-07-16 15:40:00,0.0,0.0,0.0,0.0,0.0
2014-07-16 15:45:00,0.0,0.102825,0.0,0.0,0.0
2014-07-16 15:50:00,0.0,0.0,0.0,0.0,0.0
2014-07-16 15:55:00,0.0,-0.005191,0.0,0.0,0.0
2014-07-16 16:00:00,0.0,0.0,0.0,0.0,0.0
2014-07-16 16:05:00,0.0,-0.001768,0.0,0.0,0.0
2014-07-16 16:10:00,0.0,0.0,0.0,0.0,0.0
2014-07-16 16:15:00,0.0,0.05001,0.0,0.0,0.0
2014-07-16 16:20:00,0.0,0.0,0.0,0.0,0.0
2014-07-16 16:25:00,0.0,0.101881,0.0,0.0,0.0
2014-07-16 16:30:00,0.0,0.0,0.0,0.0,0.0
2014-07-16 16:35:00,0.0,0.093745,0.0,0.0,0.0
2014-07-16 16:40:00,0.0,0.0,0.0,0.0,0.0
2014-07-16 16:45:00,0.0,-0.003112,0.0,0.0,0.0
2014-07-16 16:50:00,0.0,0.0,0.0,0.0,0.0
2014-07-16 16:55:00,0.0,0.208887,0.0,0.0,0.0
2014-07-16 17:00:00,0.0,0.0,0.0,0.0,0.0
2014-07-16 17:05:00,0.0,0.100958,0.0,0.0,0.0
2014-07-16 17:10:00,0.0,0.0,0.0,0.0,0.0
2014-07-16 17:15:00,0.0,-0.035888,0.0,0.0,0.0
2014-07-16 17:20:00,0.0,0.0,0.0,0.0,0.0
2014-07-16 17:25:00,0.0,-0.004433,0.0,0.0,0.0
2014-07-16 17:30:00,0.0,0.0,0.0,0.0,0.0
2014-07-16 17:35:00,0.0,0.046795,0.0,0.0,0.0
2014-07-16 17:40:00,0.0,0.0,0.0,0.0,0.0
2014-07-16 17:45:00,0.0,0.100054,0.0,0.0,0.0
2014-07-16 17:50:00,0.0,0.0,0.0,0.0,0.0
2014-07-16 17:55:00,0.0,0.088907,0.0,0.0,0.0
2014-07-16 18:00:00,0.0,0.0,0.0,0.0,0.0
2014-07-16 18:05:00,0.0,-0.00573,0.0,0.0,0.0
2014-07-16 18:10:00,0.0,0.0,0.0,0.0,0.0
2014-07-16 18:15:00,0.0,0.205649,0.0,0.0,0.0
2014-07-16 18:20:00,0.0,0.0,0.0,0.0,0.0
2014-07-16 18:25:00,0.0,0.099169,0.0,0.0,0.0
2014-07-16 18:30:00,0.0,0.0,0.0,0.0,0.0
2014-07-16 18:35:00,0.0,0.280599,0.0,0.0,0.0
2014-07-16 18:40:00,0.117964904,0.0,0.0,0.0,0.0
2014-07-16 18:45:00,0.0,0.614681,0.0,0.0,0.0
2014-07-16 18:55:00,0.103039529,0.49714,0.0,0.0,0.0
2014-07-16 19:05:00,0.065186977,0.276527,0.0,0.0,0.0
2014-07-16 19:10:00,0.0,0.0,0.0,0.0,0.0
2014-07-16 19:20:00,0.0,0.418835,0.0,0.0,0.0
2014-07-16 19:25:00,0.0,0.372826,0.0,0.0,0.0
2014-07-16 19:30:00,0.0,0.0,0.0,0.0,0.0
2014-07-16 19:35:00,0.0,0.30221,0.0,0.0,0.0
2014-07-16 19:40:00,0.0,0.0,0.0,0.0,0.0
2014-07-16 19:45:00,0.0,0.068858,0.0,0.0,0.0
2014-07-16 19:50:00,0.0,0.0,0.0,0.0,0.0
2014-07-16 19:55:00,0.0,0.422577,0.0,0.0,0.0
2014-07-16 20:00:00,0.0,0.0,0.0,0.0,0.0
2014-07-16 20:05:00,0.0,-0.006538,0.0,0.0,0.0
2014-07-16 20:10:00,0.0,0.0,0.0,0.0,0.0
2014-07-16 20:15:00,0.0,-0.013476,0.0,0.0,0.0
2014-07-16 20:20:00,0.0,0.0,0.0,0.0,0.0
2014-07-16 20:25:00,0.0,-0.007169,0.0,0.0,0.0
2014-07-16 20:30:00,0.0,0.0,0.0,0.0,0.0
2014-07-16 20:35:00,0.0,0.188398,0.0,0.0,0.0
2014-07-16 20:40:00,0.0,0.0,0.0,0.0,0.0
2014-07-16 20:45:00,0.0,-0.007792,0.0,0.0,0.0
2014-07-16 20:50:00,0.0,0.0,0.0,0.0,0.0
2014-07-16 20:55:00,0.0,0.043983,0.0,0.0,0.0
2014-07-16 21:00:00,0.0,0.0,0.0,0.0,0.0
2014-07-16 21:05:00,0.0,0.09849,0.0,0.0,0.0
2014-07-16 21:10:00,0.0,0.0,0.0,0.0,0.0
2014-07-16 21:15:00,0.0,0.236907,0.0,0.0,0.0
2014-07-16 21:20:00,0.0,0.0,0.0,0.0,0.0
2014-07-16 21:25:00,0.0,-0.009022,0.0,0.0,0.0
2014-07-16 21:30:00,0.0,0.0,0.0,0.0,0.0
2014-07-16 21:35:00,0.0,0.042508,0.0,0.0,0.0
2014-07-16 21:40:00,0.0,0.0,0.0,0.0,0.0
2014-07-16 21:45:00,0.0,0.097638,0.0,0.0,0.0
2014-07-16 21:50:00,0.0,0.0,0.0,0.0,0.0
2014-07-16 21:55:00,0.0,0.00871,0.0,0.0,0.0
2014-07-16 22:00:00,0.0,0.0,0.0,0.0,0.0
2014-07-16 22:05:00,0.0,-0.010231,0.0,0.0,0.0
2014-07-16 22:10:00,0.0,0.0,0.0,0.0,0.0
2014-07-16 22:15:00,0.0,0.202921,0.0,0.0,0.0
2014-07-16 22:20:00,0.0,0.0,0.0,0.0,0.0
2014-07-16 22:25:00,0.0,0.096802,0.0,0.0,0.0
2014-07-16 22:30:00,0.0,0.0,0.0,0.0,0.0
2014-07-16 22:35:00,0.0,0.124398,0.0,0.0,0.0
2014-07-16 22:40:00,0.0,0.0,0.0,0.0,0.0
2014-07-16 22:45:00,0.0,-0.011422,0.0,0.0,0.0
2014-07-16 22:50:00,0.0,0.0,0.0,0.0,0.0
2014-07-16 22:55:00,0.0,0.039629,0.0,0.0,0.0
2014-07-16 23:00:00,0.0,0.0,0.0,0.0,0.0
2014-07-16 23:05:00,0.0,0.095982,0.0,0.0,0.0
2014-07-16 23:10:00,0.0,0.0,0.0,0.0,0.0
2014-07-16 23:15:00,0.0,0.08572,0.0,0.0,0.0
2014-07-16 23:20:00,0.0,0.0,0.0,0.0,0.0
2014-07-16 23:25:00,0.0,-0.012593,0.0,0.0,0.0
2014-07-16 23:30:00,0.0,0.0,0.0,0.0,0.0
2014-07-16 23:35:00,0.0,0.120005,0.0,0.0,0.0
2014-07-16 23:40:00,0.0,0.0,0.0,0.0,0.0
2014-07-16 23:45:00,0.0,0.095177,0.0,0.0,0.0
2014-07-16 23:50:00,0.0,0.0,0.0,0.0,0.0
2014-07-16 23:55:00,0.0,-0.035142,0.0,0.0,0.0
2014-07-17 00:00:00,0.0,0.0,0.0,0.0,0.0
2014-07-17 00:05:00,0.0,-0.013746,0.0,0.0,0.0
2014-07-17 00:10:00,0.0,0.0,0.0,0.0,0.0
2014-07-17 00:15:00,0.0,0.015002,0.0,0.0,0.0
2014-07-17 00:20:00,0.0,0.0,0.0,0.0,0.0
2014-07-17 00:25:00,0.0,0.094386,0.0,0.0,0.0
2014-07-17 00:30:00,0.0,0.0,0.0,0.0,0.0
2014-07-17 00:35:00,0.0,0.081555,0.0,0.0,0.0
2014-07-17 00:40:00,0.0,0.0,0.0,0.0,0.0
2014-07-17 00:45:00,0.0,-0.014881,0.0,0.0,0.0
2014-07-17 00:50:00,0.0,0.0,0.0,0.0,0.0
2014-07-17 00:55:00,0.0,0.117327,0.0,0.0,0.0
2014-07-17 01:00:00,0.0,0.0,0.0,0.0,0.0
2014-07-17 01:05:00,0.0,0.093609,0.0,0.0,0.0
2014-07-17 01:15:00,0.0,-0.037704,0.0,0.0,0.0
2014-07-17 01:20:00,0.0,0.0,0.0,0.0,0.0
2014-07-17 01:25:00,0.0,-0.015999,0.0,0.0,0.0
2014-07-17 01:30:00,0.0,0.0,0.0,0.0,0.0
2014-07-17 01:35:00,0.0,0.012338,0.0,0.0,0.0
2014-07-17 01:40:00,0.0,0.0,0.0,0.0,0.0
2014-07-17 01:45:00,0.0,0.092845,0.0,0.0,0.0
2014-07-17 01:50:00,0.0,0.0,0.0,0.0,0.0
2014-07-17 01:55:00,0.0,0.077607,0.0,0.0,0.0
2014-07-17 02:00:00,0.0,0.0,0.0,0.0,0.0
2014-07-17 02:05:00,0.0,-0.0171,0.0,0.0,0.0
2014-07-17 02:10:00,0.0,0.0,0.0,0.0,0.0
2014-07-17 02:15:00,0.0,0.114812,0.0,0.0,0.0
2014-07-17 02:20:00,0.0,0.0,0.0,0.0,0.0
2014-07-17 02:25:00,0.0,0.092094,0.0,0.0,0.0
2014-07-17 02:30:00,0.0,0.0,0.0,0.0,0.0
2014-07-17 02:35:00,0.0,0.060256,0.0,0.0,0.0
2014-07-17 02:40:00,0.0,0.0,0.0,0.0,0.0
2014-07-17 02:45:00,0.0,-0.018185,0.0,0.0,0.0
2014-07-17 02:50:00,0.0,0.0,0.0,0.0,0.0
2014-07-17 02:55:00,0.0,0.009773,0.0,0.0,0.0
2014-07-17 03:00:00,0.0,0.0,0.0,0.0,0.0
2014-07-17 03:05:00,0.0,0.091355,0.0,0.0,0.0
2014-07-17 03:10:00,0.0,0.0,0.0,0.0,0.0
2014-07-17 03:15:00,0.0,0.340627,0.0,0.0,0.0
2014-07-17 03:20:00,0.0,0.0,0.0,0.0,0.0
2014-07-17 03:25:00,0.0,-0.019255,0.0,0.0,0.0
2014-07-17 03:30:00,0.0,0.0,0.0,0.0,0.0
2014-07-17 03:35:00,0.0,0.112443,0.0,0.0,0.0
2014-07-17 03:40:00,0.0,0.0,0.0,0.0,0.0
2014-07-17 03:45:00,0.0,0.090628,0.0,0.0,0.0
2014-07-17 03:50:00,0.0,0.0,0.0,0.0,0.0
2014-07-17 03:55:00,0.0,-0.038719,0.0,0.0,0.0
2014-07-17 04:00:00,0.0,0.0,0.0,0.0,0.0
2014-07-17 04:05:00,0.0,-0.020309,0.0,0.0,0.0
2014-07-17 04:10:00,0.0,0.0,0.0,0.0,0.0
2014-07-17 04:15:00,0.0,0.007297,0.0,0.0,0.0
2014-07-17 04:20:00,0.0,0.0,0.0,0.0,0.0
2014-07-17 04:25:00,0.0,0.089913,0.0,0.0,0.0
2014-07-17 04:30:00,0.0,0.0,0.0,0.0,0.0
2014-07-17 04:35:00,0.0,0.070354,0.0,0.0,0.0
2014-07-17 04:40:00,0.0,0.0,0.0,0.0,0.0
2014-07-17 04:45:00,0.0,-0.021348,0.0,0.0,0.0
2014-07-17 04:50:00,0.0,0.0,0.0,0.0,0.0
2014-07-17 04:55:00,0.0,0.110202,0.0,0.0,0.0
2014-07-17 05:00:00,0.0,0.0,0.0,0.0,0.0
2014-07-17 05:05:00,0.0,0.089209,0.0,0.0,0.0
2014-07-17 05:10:00,0.0,0.0,0.0,0.0,0.0
2014-07-17 05:15:00,0.0,0.25401,0.0,0.0,0.0
2014-07-17 05:20:00,0.0,0.0,0.0,0.0,0.0
2014-07-17 05:25:00,0.0,-0.022373,0.0,0.0,0.0
2014-07-17 05:30:00,0.0,0.0,0.0,0.0,0.0
2014-07-17 05:35:00,0.0,0.004907,0.0,0.0,0.0
2014-07-17 05:40:00,0.0,0.0,0.0,0.0,0.0
2014-07-17 05:45:00,0.0,0.088515,0.0,0.0,0.0
2014-07-17 05:50:00,0.0,0.0,-1.0,-2.0,-1.0
2014-07-17 05:55:00,0.0,0.288807,0.0,0.0,0.0
2014-07-17 06:00:00,0.0,0.0,0.0,0.0,0.0
2014-07-17 06:05:00,0.0,-0.023384,0.0,0.0,0.0
2014-07-17 06:10:00,0.0,0.0,0.0,0.0,0.0
2014-07-17 06:15:00,0.0,0.108075,0.0,0.0,0.0
2014-07-17 06:20:00,0.0,0.0,0.0,0.0,0.0
2014-07-17 06:25:00,0.0,0.087831,0.0,0.0,0.0
2014-07-17 06:30:00,0.0,0.0,0.0,0.0,0.0
2014-07-17 06:35:00,0.0,-0.039721,0.0,0.0,0.0
2014-07-17 06:40:00,0.0,0.0,0.0,0.0,0.0
2014-07-17 06:45:00,0.0,-0.024382,0.0,0.0,0.0
2014-07-17 06:50:00,0.0,0.0,0.0,0.0,0.0
2014-07-17 06:55:00,0.0,0.002595,0.0,0.0,0.0
2014-07-17 07:00:00,0.0,0.0,0.0,0.0,0.0
2014-07-17 07:05:00,0.0,0.087158,0.0,0.0,0.0
2014-07-17 07:10:00,0.0,0.0,0.0,0.0,0.0
2014-07-17 07:15:00,0.0,0.063816,0.0,0.0,0.0
2014-07-17 07:20:00,0.0,0.0,0.0,0.0,0.0
2014-07-17 07:25:00,0.0,-0.025366,0.0,0.0,0.0
2014-07-17 07:30:00,0.0,0.0,0.0,0.0,0.0
2014-07-17 07:35:00,0.0,0.106051,0.0,0.0,0.0
2014-07-17 07:40:00,0.0,0.0,0.0,0.0,0.0
2014-07-17 07:45:00,0.0,0.086494,0.0,0.0,0.0
2014-07-17 07:50:00,0.0,0.0,0.0,0.0,0.0
2014-07-17 07:55:00,0.0,0.204952,0.0,0.0,0.0
2014-07-17 08:00:00,0.0,0.0,0.0,0.0,0.0
2014-07-17 08:05:00,0.0,-0.026337,0.0,0.0,0.0
2014-07-17 08:10:00,0.0,0.0,0.0,0.0,0.0
2014-07-17 08:15:00,0.0,0.000357,0.0,0.0,0.0
2014-07-17 08:20:00,0.0,0.0,0.0,0.0,0.0
2014-07-17 08:25:00,0.0,0.085839,0.0,0.0,0.0
2014-07-17 08:30:00,0.077423356,0.0,0.0,0.0,0.0
2014-07-17 08:35:00,0.098985658,0.350297,0.0,0.0,0.0
2014-07-17 08:40:00,0.0,0.0,0.0,0.0,0.0
2014-07-17 08:50:00,0.0,0.437873,0.0,0.0,0.0
2014-07-17 08:55:00,0.0,0.443434,0.0,0.0,0.0
2014-07-17 09:00:00,0.0,0.0,0.0,0.0,0.0
2014-07-17 09:05:00,0.0,0.032869,0.0,0.0,0.0
2014-07-17 09:10:00,0.0,0.0,0.0,0.0,0.0
2014-07-17 09:15:00,0.0,0.378654,0.0,0.0,0.0
2014-07-17 09:20:00,0.0,0.0,0.0,0.0,0.0
2014-07-17 09:25:00,0.0,-0.026992,0.0,0.0,0.0
2014-07-17 09:30:00,0.0,0.0,0.0,0.0,0.0
2014-07-17 09:35:00,0.0,0.205088,0.0,0.0,0.0
2014-07-17 09:40:00,0.0,0.0,0.0,0.0,0.0
2014-07-17 09:45:00,0.0,-0.002756,0.0,0.0,0.0
2014-07-17 09:50:00,0.0,0.0,0.0,0.0,0.0
2014-07-17 09:55:00,0.0,0.180583,0.0,0.0,0.0
2014-07-17 10:00:00,0.0,0.0,0.0,0.0,0.0
2014-07-17 10:05:00,0.0,-0.027942,0.0,0.0,0.0
2014-07-17 10:10:00,0.0,0.0,0.0,0.0,0.0
2014-07-17 10:15:00,0.0,0.053158,0.0,0.0,0.0
2014-07-17 10:20:00,0.0,0.0,0.0,0.0,0.0
2014-07-17 10:25:00,0.0,0.085314,0.0,0.0,0.0
2014-07-17 10:30:00,0.0,0.0,0.0,0.0,0.0
2014-07-17 10:35:00,0.0,0.324082,0.0,0.0,0.0
2014-07-17 10:40:00,0.0,0.0,0.0,0.0,0.0
2014-07-17 10:45:00,0.0,-0.028878,0.0,0.0,0.0
2014-07-17 10:50:00,0.0,0.0,0.0,0.0,0.0
2014-07-17 10:55:00,0.0,0.000234,0.0,0.0,0.0
2014-07-17 11:00:00,0.0,0.0,0.0,0.0,0.0
2014-07-17 11:05:00,0.0,0.084677,0.0,0.0,0.0
2014-07-17 11:10:00,0.075698766,0.0,0.0,0.0,0.0
2014-07-17 11:15:00,0.0,0.552417,0.0,0.0,0.0
2014-07-17 11:20:00,0.0,0.0,0.0,0.0,0.0
2014-07-17 11:25:00,0.0,0.400022,0.0,0.0,0.0
2014-07-17 11:30:00,0.0,0.0,0.0,0.0,0.0
2014-07-17 11:35:00,0.0,0.292471,0.0,0.0,0.0
2014-07-17 11:45:00,0.0,0.048337,0.0,0.0,0.0
2014-07-17 11:50:00,0.0,0.0,0.0,0.0,0.0
2014-07-17 12:00:00,0.0,0.240309,0.0,0.0,0.0
2014-07-17 12:05:00,0.0,-0.029493,0.0,0.0,0.0
2014-07-17 12:10:00,0.099804997,0.0,0.0,0.0,0.0
2014-07-17 12:15:00,0.154392838,0.282606,0.0,0.0,0.0
2014-07-17 12:20:00,0.0,0.0,0.0,0.0,0.0
2014-07-17 12:25:00,0.0,0.41116,0.0,0.0,0.0
2014-07-17 12:30:00,0.100179557,0.0,0.0,0.0,0.0
2014-07-17 12:35:00,0.096398302,0.59331,0.0,0.0,0.0
2014-07-17 12:40:00,0.080038962,0.0,0.0,0.0,0.0
2014-07-17 12:45:00,0.145575047,0.437608,0.0,0.0,0.0
2014-07-17 12:50:00,0.079540943,0.0,0.0,0.0,0.0
2014-07-17 12:55:00,0.122484446,0.583667,0.0,0.0,0.0
2014-07-17 13:00:00,0.092316898,0.0,0.0,0.0,0.0
2014-07-17 13:05:00,0.181797504,0.522077,0.0,0.0,0.0
2014-07-17 13:10:00,0.181043005,0.0,0.0,0.0,0.0
2014-07-17 13:15:00,0.167886972,0.395692,0.0,0.0,0.0
2014-07-17 13:20:00,0.185409403,0.0,0.0,0.0,0.0
2014-07-17 13:25:00,0.160965562,0.380325,0.0,0.0,0.0
2014-07-17 13:30:00,0.213152885,0.0,0.0,0.0,0.0
2014-07-17 16:30:00,0.256532192,0.366623,0.0,0.0,0.0
2014-07-17 21:30:00,0.0,0.33241,0.0,0.0,0.0
2014-07-18 03:30:00,0.0,0.233248,0.0,0.0,0.0
2014-07-18 06:40:00,0.0,0.26944,0.0,0.0,0.0
2014-07-18 06:45:00,0.0,-0.038499,0.0,0.0,0.0
2014-07-18 06:50:00,0.0,0.0,0.0,0.0,0.0
2014-07-18 06:55:00,0.075918346,0.433059,0.0,0.0,0.0
2014-07-18 07:00:00,0.088902824,0.0,0.0,0.0,0.0
2014-07-18 07:05:00,0.0,0.516984,0.0,0.0,0.0
2014-07-18 07:10:00,0.0,0.0,0.0,0.0,0.0
2014-07-18 07:15:00,0.0,0.399457,0.0,0.0,0.0
2014-07-18 07:20:00,0.0,0.0,0.0,0.0,0.0
2014-07-18 07:25:00,0.0,0.272911,0.0,0.0,0.0
2014-07-18 08:35:00,0.076298019,0.382929,0.0,0.0,0.0
2014-07-18 08:40:00,0.078025562,0.0,0.0,0.0,0.0
2014-07-18 08:45:00,0.129002392,0.395583,0.0,0.0,0.0
2014-07-18 08:50:00,0.0,0.0,0.0,0.0,0.0
2014-07-18 08:55:00,0.0,0.426682,0.0,0.0,0.0
2014-07-18 09:00:00,0.0,0.0,0.0,0.0,0.0
2014-07-18 09:05:00,0.0,0.365274,0.0,0.0,0.0
2014-07-18 09:10:00,0.0,0.0,0.0,0.0,0.0
2014-07-18 09:15:00,0.0,0.384148,0.0,0.0,0.0
2014-07-18 09:20:00,0.0,0.0,0.0,0.0,0.0
2014-07-18 09:25:00,0.0,0.064354,0.0,0.0,0.0
2014-07-18 09:30:00,0.0,0.0,0.0,0.0,0.0
2014-07-18 09:35:00,0.0,0.287075,0.0,0.0,0.0
2014-07-18 09:40:00,0.0,0.0,0.0,0.0,0.0
2014-07-18 09:45:00,0.0,-0.001792,0.0,0.0,0.0
2014-07-18 09:50:00,0.0,0.0,0.0,0.0,0.0
2014-07-18 09:55:00,0.0,0.38315,0.0,0.0,0.0
2014-07-18 10:00:00,0.0,0.0,0.0,0.0,0.0
2014-07-18 10:55:00,0.0,0.911158,0.0,0.0,0.0
2014-07-18 11:00:00,0.0,0.0,0.0,0.0,0.0
2014-07-18 11:05:00,0.0,0.077617,0.0,0.0,0.0
2014-07-18 11:10:00,0.0,0.0,0.0,0.0,0.0
2014-07-18 11:15:00,0.0,0.017514,0.0,0.0,0.0
2014-07-18 11:20:00,0.0,0.0,0.0,0.0,0.0
2014-07-18 11:25:00,0.0,-0.039784,0.0,0.0,0.0
2014-07-18 11:30:00,0.0,0.0,0.0,0.0,0.0
2014-07-18 11:50:00,0.0,0.077088,0.0,0.0,0.0
2014-07-18 11:55:00,0.0,0.320417,0.0,0.0,0.0
2014-07-18 12:00:00,0.0,0.0,0.0,0.0,0.0
2014-07-18 12:05:00,0.0,-0.040548,0.0,0.0,0.0
2014-07-18 12:10:00,0.0,0.0,0.0,0.0,0.0
2014-07-18 12:15:00,0.0,-0.008382,0.0,0.0,0.0
2014-07-18 12:20:00,0.0,0.0,0.0,0.0,0.0
2014-07-18 12:25:00,0.0,0.076564,0.0,0.0,0.0
2014-07-18 12:30:00,0.0,0.0,0.0,0.0,0.0
2014-07-18 12:35:00,0.0,0.055643,0.0,0.0,0.0
2014-07-18 12:40:00,0.0,0.0,0.0,0.0,0.0
2014-07-18 12:50:00,0.0,-0.041305,0.0,0.0,0.0
2014-07-18 12:55:00,0.0,0.097161,0.0,0.0,0.0
2014-07-18 13:00:00,0.0,0.0,0.0,0.0,0.0
2014-07-18 13:05:00,0.0,0.076046,0.0,0.0,0.0
2014-07-18 13:10:00,0.0,0.0,0.0,0.0,0.0
2014-07-18 13:30:00,0.0,0.134949,0.0,0.0,0.0
2014-07-20 05:35:00,0.088370199,0.367506,0.0,0.0,0.0
2014-07-20 05:40:00,0.078759973,0.0,0.0,0.0,0.0
2014-07-20 05:45:00,0.083010178,0.33896,0.0,0.0,0.0
2014-07-20 05:50:00,0.088616947,0.0,0.0,0.0,0.0
2014-07-20 05:55:00,0.085390379,0.307691,0.0,0.0,0.0
2014-07-20 06:00:00,0.083756364,0.0,0.0,0.0,0.0
2014-07-20 06:05:00,0.125853002,0.377195,0.0,0.0,0.0
2014-07-20 06:10:00,0.086653279,0.0,0.0,0.0,0.0
2014-07-20 06:15:00,0.064589664,0.410942,0.0,0.0,0.0
2014-07-20 06:20:00,0.081922395,0.0,0.0,0.0,0.0
2014-07-20 06:25:00,0.081532863,0.343098,0.0,0.0,0.0
2014-07-20 06:30:00,0.079646328,0.0,0.0,0.0,0.0
2014-07-20 06:35:00,0.090795596,0.350143,0.0,0.0,0.0
2014-07-20 06:40:00,0.075009891,0.0,0.0,0.0,0.0
2014-07-20 06:45:00,0.083280383,0.322083,0.0,0.0,0.0
2014-07-20 06:50:00,0.067865371,0.0,0.0,0.0,0.0
2014-07-20 06:55:00,0.071016709,0.319519,0.0,0.0,0.0
2014-07-20 07:00:00,0.065320139,0.0,0.0,0.0,0.0
2014-07-20 07:05:00,0.081546221,0.334296,0.0,0.0,0.0
2014-07-20 07:10:00,0.083857194,0.0,0.0,0.0,0.0
2014-07-20 07:15:00,0.089255643,0.310596,0.0,0.0,0.0
2014-07-20 07:20:00,0.06688303,0.0,0.0,0.0,0.0
2014-07-20 07:25:00,0.064959883,0.346224,0.0,0.0,0.0
2014-07-20 07:30:00,0.06097663,0.0,0.0,0.0,0.0
2014-07-20 07:35:00,0.059792013,0.328473,0.0,0.0,0.0
2014-07-20 07:40:00,0.078348523,0.0,0.0,0.0,0.0
2014-07-20 07:45:00,0.077374113,0.340983,0.0,0.0,0.0
2014-07-20 07:50:00,0.079664009,0.0,0.0,0.0,0.0
2014-07-20 07:55:00,0.087771093,0.306783,0.0,0.0,0.0
2014-07-20 08:00:00,0.076440345,0.0,0.0,0.0,0.0
2014-07-20 08:05:00,0.082591134,0.31616,0.0,0.0,0.0
2014-07-20 08:10:00,0.07116006,0.0,0.0,0.0,0.0
2014-07-20 08:15:00,0.091661677,0.407392,0.0,0.0,0.0
2014-07-20 08:20:00,0.084915466,0.0,0.0,0.0,0.0
2014-07-20 08:25:00,0.081899181,0.295902,0.0,0.0,0.0
2014-07-20 08:30:00,0.082369635,0.0,0.0,0.0,0.0
2014-07-20 08:35:00,0.087235705,0.225015,0.0,0.0,0.0
2014-07-21 11:20:00,0.071238098,0.187544,0.0,0.0,0.0
2014-07-21 11:25:00,0.086916148,0.326757,0.0,0.0,0.0
2014-07-21 11:30:00,0.073151928,0.0,0.0,0.0,0.0
2014-07-21 11:35:00,0.075275989,0.300383,0.0,0.0,0.0
2014-07-21 11:40:00,0.079913506,0.0,0.0,0.0,0.0
2014-07-21 11:45:00,0.079200711,0.095881,0.0,0.0,0.0
2014-07-21 11:50:00,0.102046473,0.0,0.0,0.0,0.0
2014-07-21 11:55:00,0.072009265,0.469004,0.0,0.0,0.0
2014-07-21 12:00:00,0.0,0.0,0.0,0.0,0.0
2014-07-21 12:05:00,0.093747727,0.559422,0.0,0.0,0.0
2014-07-21 12:10:00,0.071929527,0.0,0.0,0.0,0.0
2014-07-21 12:15:00,0.092240284,0.529393,0.0,0.0,0.0
2014-07-21 12:20:00,0.086075517,0.0,0.0,0.0,0.0
2014-07-21 12:25:00,0.103967011,0.316678,0.0,0.0,0.0
2014-07-21 12:30:00,0.0,0.0,0.0,0.0,0.0
2014-07-21 12:35:00,0.0,0.466226,0.0,0.0,0.0
2014-07-21 12:40:00,0.0,0.0,0.0,0.0,0.0
2014-07-21 12:45:00,0.086884194,0.511545,0.0,0.0,0.0
2014-07-21 12:50:00,0.117275238,0.0,0.0,0.0,0.0
2014-07-21 12:55:00,0.0,0.575481,0.0,0.0,0.0
2014-07-21 13:00:00,0.0,0.0,0.0,0.0,0.0
2014-07-21 13:20:00,0.081546437,0.439019,0.0,0.0,0.0
2014-07-21 13:25:00,0.0,0.472381,0.0,0.0,0.0
2014-07-21 13:30:00,0.0,0.0,0.0,0.0,0.0
2014-07-21 13:35:00,0.0,0.430324,0.0,0.0,0.0
2014-07-21 13:40:00,0.0,0.0,0.0,0.0,0.0
2014-07-22 02:00:00,0.082676935,0.421004,0.0,0.0,0.0
2014-07-22 02:05:00,0.072176677,0.352422,0.0,0.0,0.0
2014-07-22 02:10:00,0.1026359,0.0,0.0,0.0,0.0
2014-07-22 02:15:00,0.068788141,0.463556,0.0,0.0,0.0
2014-07-22 02:20:00,0.076415445,0.0,0.0,0.0,0.0
2014-07-22 02:25:00,0.069610348,0.413973,0.0,0.0,0.0
2014-07-22 02:30:00,0.074864876,0.0,0.0,0.0,0.0
2014-07-22 02:35:00,0.063544522,0.346124,0.0,0.0,0.0
2014-07-22 02:40:00,0.099381566,0.0,0.0,0.0,0.0
2014-07-22 02:45:00,0.0,0.565431,0.0,0.0,0.0
2014-07-22 02:50:00,0.066098839,0.0,0.0,0.0,0.0
2014-07-22 02:55:00,0.077184598,0.479844,0.0,0.0,0.0
2014-07-22 03:00:00,0.067246207,0.0,0.0,0.0,0.0
2014-07-22 03:05:00,0.0,0.453358,0.0,0.0,0.0
2014-07-22 03:10:00,0.07331007,0.0,0.0,0.0,0.0
2014-07-22 03:15:00,0.078239918,0.442117,0.0,0.0,0.0
2014-07-22 03:20:00,0.074598854,0.0,0.0,0.0,0.0
2014-07-22 03:25:00,0.074727423,0.375636,0.0,0.0,0.0
2014-07-22 03:30:00,0.106285294,0.0,0.0,0.0,0.0
2014-07-22 03:35:00,0.071302036,0.462113,0.0,0.0,0.0
2014-07-22 03:40:00,0.069261506,0.0,0.0,0.0,0.0
2014-07-22 03:45:00,0.071043954,0.408827,0.0,0.0,0.0
2014-07-22 03:50:00,0.07251629,0.0,0.0,0.0,0.0
2014-07-22 03:55:00,0.081079956,0.417948,0.0,0.0,0.0
2014-07-22 04:00:00,0.072769252,0.0,0.0,0.0,0.0
2014-07-22 04:35:00,0.086065877,0.369151,0.0,0.0,0.0
2014-07-22 04:40:00,0.083973031,0.0,0.0,0.0,0.0
2014-07-22 04:45:00,0.080356677,0.039946,0.0,0.0,0.0
2014-07-22 04:50:00,0.087925255,0.0,0.0,0.0,0.0
2014-07-22 04:55:00,0.079779863,0.349459,0.0,0.0,0.0
2014-07-22 05:00:00,0.0,0.0,0.0,0.0,0.0
2014-07-22 05:05:00,0.0,0.472499,0.0,0.0,0.0
2014-07-22 05:10:00,0.087990178,0.0,0.0,0.0,0.0
2014-07-22 05:15:00,0.084475369,0.437239,0.0,0.0,0.0
2014-07-22 05:20:00,0.105537585,0.0,0.0,0.0,0.0
2014-07-22 05:25:00,0.083881527,0.441082,0.0,0.0,0.0
2014-07-22 05:30:00,0.087496805,0.0,0.0,0.0,0.0
2014-07-22 05:35:00,0.073710733,0.419515,0.0,0.0,0.0
2014-07-22 05:40:00,0.066292941,0.0,0.0,0.0,0.0
2014-07-22 05:45:00,0.06467717,0.307909,0.0,0.0,0.0
2014-07-22 05:50:00,0.070625947,0.0,0.0,0.0,0.0
2014-07-22 05:55:00,0.069643898,0.342199,0.0,0.0,0.0
2014-07-22 06:00:00,0.066808108,0.0,0.0,0.0,0.0
2014-07-22 06:05:00,0.074006823,0.335535,0.0,0.0,0.0
2014-07-22 06:10:00,0.09600998,0.0,0.0,0.0,0.0
2014-07-22 06:15:00,0.070130505,0.474471,0.0,0.0,0.0
2014-07-22 06:20:00,0.087109518,0.0,0.0,0.0,0.0
2014-07-22 06:25:00,0.067063945,0.42827,0.0,0.0,0.0
2014-07-22 06:30:00,0.089206405,0.0,0.0,0.0,0.0
2014-07-22 06:35:00,0.062315247,0.436611,0.0,0.0,0.0
2014-07-22 06:40:00,0.071898393,0.0,0.0,0.0,0.0
2014-07-22 06:45:00,0.081883682,0.359342,0.0,0.0,0.0
2014-07-22 06:50:00,0.077740383,0.0,0.0,0.0,0.0
2014-07-22 06:55:00,0.101794004,0.384757,0.0,0.0,0.0
2014-07-22 07:00:00,0.075867248,0.0,0.0,0.0,0.0
2014-07-22 07:05:00,0.078512921,0.435048,0.0,0.0,0.0
2014-07-22 07:10:00,0.087242691,0.0,0.0,0.0,0.0
2014-07-22 07:15:00,0.068022267,0.365522,0.0,0.0,0.0
2014-07-22 07:20:00,0.065473058,0.0,0.0,0.0,0.0
2014-07-22 07:25:00,0.071137232,0.353634,0.0,0.0,0.0
2014-07-22 07:30:00,0.091192008,0.0,0.0,0.0,0.0
2014-07-22 07:35:00,0.083842861,0.36029,0.0,0.0,0.0
2014-07-22 07:40:00,0.084881976,0.0,0.0,0.0,0.0
2014-07-22 07:45:00,0.069177867,0.404583,0.0,0.0,0.0
2014-07-22 07:50:00,0.065212768,0.0,0.0,0.0,0.0
2014-07-22 07:55:00,0.06537169,0.295964,0.0,0.0,0.0
2014-07-22 08:00:00,0.0,0.0,0.0,0.0,0.0
2014-07-22 08:05:00,0.0,0.434445,0.0,0.0,0.0
2014-07-22 08:15:00,0.066673024,0.434274,0.0,0.0,0.0
2014-07-22 08:20:00,0.081489706,0.0,0.0,0.0,0.0
2014-07-22 08:25:00,0.087758636,0.335023,0.0,0.0,0.0
2014-07-22 08:30:00,0.076958272,0.0,0.0,0.0,0.0
2014-07-22 08:35:00,0.081872515,0.413838,0.0,0.0,0.0
2014-07-22 08:40:00,0.067498434,0.0,0.0,0.0,0.0
2014-07-22 08:45:00,0.077520247,0.344139,0.0,0.0,0.0
2014-07-22 08:50:00,0.07340019,0.0,0.0,0.0,0.0
2014-07-22 08:55:00,0.077518924,0.316588,0.0,0.0,0.0
2014-07-22 09:00:00,0.077860681,0.0,0.0,0.0,0.0
2014-07-22 09:05:00,0.081376882,0.173877,0.0,0.0,0.0
2014-07-22 09:10:00,0.078736668,0.0,0.0,0.0,0.0
2014-07-22 09:15:00,0.081914268,0.401877,0.0,0.0,0.0
2014-07-22 09:20:00,0.084949445,0.0,0.0,0.0,0.0
2014-07-22 09:25:00,0.085251038,0.012371,0.0,0.0,0.0
2014-07-22 09:30:00,0.087944,0.0,0.0,0.0,0.0
2014-07-22 09:35:00,0.087185803,0.128839,0.0,0.0,0.0
2014-07-22 09:40:00,0.08670235,0.0,0.0,0.0,0.0
2014-07-22 09:45:00,0.079396967,0.33284,0.0,0.0,0.0
2014-07-22 09:50:00,0.064100263,0.0,0.0,0.0,0.0
2014-07-22 09:55:00,0.0,0.473022,0.0,0.0,0.0
2014-07-22 10:00:00,0.0,0.0,0.0,0.0,0.0
2014-07-22 10:05:00,0.0,0.389394,0.0,0.0,0.0
2014-07-22 10:10:00,0.0,0.0,0.0,0.0,0.0
2014-07-22 10:15:00,0.075937231,0.47628,0.0,0.0,0.0
2014-07-22 10:20:00,0.063441813,0.0,0.0,0.0,0.0
2014-07-22 10:25:00,0.088864777,0.421535,0.0,0.0,0.0
2014-07-22 10:30:00,0.0,0.0,0.0,0.0,0.0
2014-07-22 10:35:00,0.0,0.471416,0.0,0.0,0.0
2014-07-22 10:40:00,0.0,0.0,0.0,0.0,0.0
2014-07-22 10:45:00,0.0,0.435685,0.0,0.0,0.0
2014-07-22 10:50:00,0.0,0.0,0.0,0.0,0.0
2014-07-22 10:55:00,0.0,0.363417,0.0,0.0,0.0
2014-07-22 11:00:00,0.066337222,0.0,0.0,0.0,0.0
2014-07-22 11:05:00,0.082180786,0.383969,0.0,0.0,0.0
2014-07-22 11:10:00,0.0,0.0,0.0,0.0,0.0
2014-07-22 11:20:00,0.082968481,0.460349,0.0,0.0,0.0
2014-07-22 11:25:00,0.094356045,0.47184,0.0,0.0,0.0
2014-07-22 11:30:00,0.089771748,0.0,0.0,0.0,0.0
2014-07-22 11:35:00,0.095347788,0.432602,0.0,0.0,0.0
2014-07-22 11:40:00,0.088703532,0.0,0.0,0.0,0.0
2014-07-22 11:45:00,0.079930566,0.178437,0.0,0.0,0.0
2014-07-22 11:50:00,0.099499519,0.0,0.0,0.0,0.0
2014-07-22 11:55:00,0.093424884,0.360551,0.0,0.0,0.0
2014-07-22 12:00:00,0.078719417,0.0,0.0,0.0,0.0
2014-07-22 12:05:00,0.074829279,0.329878,0.0,0.0,0.0
2014-07-22 12:10:00,0.075621686,0.0,0.0,0.0,0.0
2014-07-22 12:15:00,0.081784352,0.349411,0.0,0.0,0.0
2014-07-22 12:20:00,0.080311402,0.0,0.0,0.0,0.0
2014-07-22 12:25:00,0.094215231,0.324418,0.0,0.0,0.0
2014-07-22 12:30:00,0.098539943,0.0,0.0,0.0,0.0
2014-07-22 12:35:00,0.063090687,0.464789,0.0,0.0,0.0
2014-07-22 12:40:00,0.349751279,0.0,0.0,0.0,0.0
2014-07-23 07:20:00,0.078692155,0.737702,0.0,0.0,0.0
2014-07-23 07:25:00,0.0,0.43656,0.0,0.0,0.0
2014-07-23 07:30:00,0.097602643,0.0,0.0,0.0,0.0
2014-07-23 07:35:00,0.079580865,0.514691,0.0,0.0,0.0
2014-07-23 07:40:00,0.076324244,0.0,0.0,0.0,0.0
2014-07-23 07:45:00,0.084324257,0.403436,0.0,0.0,0.0
2014-07-23 07:50:00,0.065346726,0.0,0.0,0.0,0.0
2014-07-23 07:55:00,0.064352295,0.469322,0.0,0.0,0.0
2014-07-23 08:00:00,0.061049436,0.0,0.0,0.0,0.0
2014-07-23 08:05:00,0.060983534,0.360915,0.0,0.0,0.0
2014-07-23 08:10:00,0.062208184,0.0,0.0,0.0,0.0
2014-07-23 08:15:00,0.065034564,0.2379,0.0,0.0,0.0
2014-07-23 08:20:00,0.072705949,0.0,0.0,0.0,0.0
2014-07-23 08:25:00,0.066192,0.356829,0.0,0.0,0.0
2014-07-23 08:30:00,0.064102241,0.0,0.0,0.0,0.0
2014-07-23 08:35:00,0.067706804,0.285188,0.0,0.0,0.0
2014-07-23 08:40:00,0.061213848,0.0,0.0,0.0,0.0
2014-07-23 08:45:00,0.0636799,0.360818,0.0,0.0,0.0
2014-07-23 08:50:00,0.069782054,0.0,0.0,0.0,0.0
2014-07-23 08:55:00,0.066042146,0.340527,0.0,0.0,0.0
2014-07-23 09:05:00,0.083272074,0.133514,0.0,0.0,0.0
2014-07-23 09:10:00,0.069869126,0.0,0.0,0.0,0.0
2014-07-23 09:15:00,0.089911461,0.347434,0.0,0.0,0.0
2014-07-23 09:20:00,0.0,0.0,0.0,0.0,0.0
2014-07-23 09:25:00,0.0,0.480241,0.0,0.0,0.0
2014-07-23 09:30:00,0.0,0.0,0.0,0.0,0.0
2014-07-23 09:35:00,0.0,0.444107,0.0,0.0,0.0
2014-07-23 09:40:00,0.0,0.0,0.0,0.0,0.0
2014-07-23 09:45:00,0.0,0.050475,0.0,0.0,0.0
2014-07-23 09:50:00,0.0,0.0,0.0,0.0,0.0
2014-07-23 09:55:00,0.0,0.444434,0.0,0.0,0.0
2014-07-23 10:05:00,0.0,-0.018145,0.0,0.0,0.0
2014-07-23 10:10:00,0.070423741,0.0,0.0,0.0,0.0
2014-07-23 10:15:00,0.073670626,0.473377,0.0,0.0,0.0
2014-07-23 10:20:00,0.0,0.0,0.0,0.0,0.0
2014-07-23 10:25:00,0.066148576,0.479202,0.0,0.0,0.0
2014-07-23 10:30:00,0.067378998,0.0,0.0,0.0,0.0
2014-07-23 10:35:00,0.059605674,0.432548,0.0,0.0,0.0
2014-07-23 10:40:00,0.064556568,0.0,0.0,0.0,0.0
2014-07-23 10:45:00,0.064033921,0.357736,0.0,0.0,0.0
2014-07-23 10:50:00,0.076436295,0.0,0.0,0.0,0.0
2014-07-23 10:55:00,0.068352964,0.43893,0.0,0.0,0.0
2014-07-23 11:00:00,0.087604841,0.0,0.0,0.0,0.0
2014-07-23 11:05:00,0.065447872,0.400272,0.0,0.0,0.0
2014-07-23 11:10:00,0.068623924,0.0,0.0,0.0,0.0
2014-07-23 11:15:00,0.073543434,0.338581,0.0,0.0,0.0
2014-07-23 11:20:00,0.078354799,0.0,0.0,0.0,0.0
2014-07-23 11:25:00,0.073093331,0.339921,0.0,0.0,0.0
2014-07-23 11:30:00,0.061083667,0.0,0.0,0.0,0.0
2014-07-23 11:35:00,0.076646452,0.340014,0.0,0.0,0.0
2014-07-23 11:40:00,0.068090503,0.0,0.0,0.0,0.0
2014-07-23 11:45:00,0.081139378,0.446408,0.0,0.0,0.0
2014-07-23 11:50:00,0.895012153,0.0,0.0,0.0,0.0
2014-07-23 11:55:00,0.084473344,1.0,-0.22,-0.11,-0.11
2014-07-23 12:00:00,0.069972732,0.0,0.0,0.0,0.0
2014-07-23 12:05:00,0.076445091,0.762529,0.0,0.0,0.0
2014-07-23 12:10:00,0.082791699,0.0,0.0,0.0,0.0
2014-07-23 12:15:00,0.096352205,0.615576,0.0,0.0,0.0
2014-07-23 12:20:00,0.077908076,0.0,0.0,0.0,0.0
2014-07-23 12:25:00,0.075705942,0.341524,0.0,0.0,0.0
2014-07-23 12:30:00,0.072193476,0.0,0.0,0.0,0.0
2014-07-23 12:35:00,0.064731841,0.532424,0.0,0.0,0.0
2014-07-23 12:40:00,0.076889346,0.0,0.0,0.0,0.0
2014-07-23 12:45:00,0.06270653,0.335308,0.0,0.0,0.0
2014-07-23 12:50:00,0.065782364,0.0,0.0,0.0,0.0
2014-07-23 12:55:00,0.070512584,0.331629,0.0,0.0,0.0
2014-07-23 13:00:00,0.065273208,0.0,0.0,0.0,0.0
2014-07-23 13:05:00,0.063916911,0.155995,0.0,0.0,0.0
2014-07-23 13:10:00,0.062644989,0.0,0.0,0.0,0.0
2014-07-23 13:15:00,0.066731398,0.41952,0.0,0.0,0.0
2014-07-23 13:20:00,0.063483177,0.0,0.0,0.0,0.0
2014-07-23 13:25:00,0.073762227,0.33012,0.0,0.0,0.0
2014-07-23 13:30:00,0.09574565,0.0,0.0,0.0,0.0
2014-07-23 13:35:00,0.063987507,0.46424,0.0,0.0,0.0
2014-07-23 13:40:00,0.0,0.0,0.0,0.0,0.0
2014-07-23 13:45:00,0.061681696,0.468863,0.0,0.0,0.0
2014-07-23 13:50:00,0.067545557,0.0,0.0,0.0,0.0
2014-07-23 13:55:00,0.36199113,0.690633,0.0,0.0,0.0
2014-07-23 14:00:00,0.067899971,0.0,0.0,0.0,0.0
2014-07-23 14:05:00,0.068097341,0.692801,0.0,0.0,0.0
2014-07-23 14:10:00,0.068052681,0.0,0.0,0.0,0.0
2014-07-23 14:15:00,0.067784277,0.568266,0.0,0.0,0.0
2014-07-23 14:20:00,0.071647039,0.0,0.0,0.0,0.0
2014-07-23 14:25:00,0.072229549,0.034368,0.0,0.0,0.0
2014-07-23 14:30:00,0.071906585,0.0,0.0,0.0,0.0
2014-07-23 14:35:00,0.067114268,0.504266,0.0,0.0,0.0
2014-07-23 14:40:00,0.099018082,0.0,0.0,0.0,0.0
2014-07-23 14:45:00,0.610788546,0.730612,0.0,0.0,0.0
2014-07-23 14:50:00,0.073930318,0.0,0.0,0.0,0.0
2014-07-23 14:55:00,0.0,0.734745,0.0,0.0,0.0
2014-07-23 15:00:00,0.071690316,0.0,0.0,0.0,0.0
2014-07-23 15:05:00,0.077011813,0.512081,0.0,0.0,0.0
2014-07-23 15:10:00,0.067765429,0.0,0.0,0.0,0.0
2014-07-23 15:15:00,0.072177464,0.719919,0.0,0.0,0.0
2014-07-23 15:20:00,0.067513486,0.0,0.0,0.0,0.0
2014-07-23 15:25:00,0.064085774,0.185054,0.0,0.0,0.0
2014-07-23 15:30:00,0.062609541,0.0,0.0,0.0,0.0
2014-07-23 15:35:00,0.061791321,0.475949,0.0,0.0,0.0
2014-07-23 16:50:00,0.072957139,0.544681,0.0,0.0,0.0
2014-07-23 16:55:00,0.070637001,0.034283,0.0,0.0,0.0
2014-07-23 17:00:00,0.075139932,0.0,0.0,0.0,0.0
2014-07-23 17:05:00,0.088852105,0.312576,0.0,0.0,0.0
2014-07-23 17:10:00,0.082308069,0.0,0.0,0.0,0.0
2014-07-23 17:15:00,0.074726225,1.0,-0.22,-0.11,-0.11
2014-07-23 17:20:00,0.079228689,0.0,0.0,0.0,0.0
2014-07-23 17:25:00,0.067461448,0.328014,0.0,0.0,0.0
2014-07-23 17:30:00,0.07496677,0.0,0.0,0.0,0.0
2014-07-23 17:35:00,0.076553275,0.32314,0.0,0.0,0.0
2014-07-23 17:40:00,0.064552832,0.0,0.0,0.0,0.0
2014-07-23 17:45:00,0.068947534,0.317175,0.0,0.0,0.0
2014-07-23 17:50:00,0.067166564,0.0,0.0,0.0,0.0
2014-07-23 17:55:00,0.07933624,0.318031,0.0,0.0,0.0
2014-07-23 18:00:00,0.074044645,0.0,0.0,0.0,0.0
2014-07-23 18:05:00,0.0,0.424183,0.0,0.0,0.0
2014-07-23 18:10:00,0.0,0.0,0.0,0.0,0.0
2014-07-23 18:15:00,0.065402345,0.458976,0.0,0.0,0.0
2014-07-23 18:20:00,0.092749881,0.0,0.0,0.0,0.0
2014-07-23 18:25:00,0.096656305,0.441247,0.0,0.0,0.0
2014-07-23 18:30:00,0.098988258,0.0,0.0,0.0,0.0
2014-07-23 18:35:00,0.101811358,0.376125,0.0,0.0,0.0
2014-07-23 18:40:00,0.093130313,0.0,0.0,0.0,0.0
2014-07-23 18:45:00,0.092407793,0.080724,0.0,0.0,0.0
2014-07-23 18:50:00,0.0,0.0,0.0,0.0,0.0
2014-07-23 18:55:00,0.061650065,0.485416,0.0,0.0,0.0
2014-07-23 19:15:00,0.0,0.478964,0.0,0.0,0.0
2014-07-23 19:20:00,0.092823676,0.0,0.0,0.0,0.0
2014-07-23 19:25:00,0.074424922,0.433973,0.0,0.0,0.0
2014-07-23 19:30:00,0.0,0.0,0.0,0.0,0.0
2014-07-23 19:35:00,0.072267516,0.488155,0.0,0.0,0.0
2014-07-23 19:40:00,0.0,0.0,0.0,0.0,0.0
2014-07-23 19:45:00,0.0,0.523922,0.0,0.0,0.0
2014-07-23 19:50:00,0.0,0.0,0.0,0.0,0.0
2014-07-23 19:55:00,0.088303709,0.608205,0.0,0.0,0.0
2014-07-23 20:00:00,0.063548088,0.0,0.0,0.0,0.0
2014-07-23 20:05:00,0.0,0.421326,0.0,0.0,0.0
2014-07-23 20:10:00,0.0,0.0,0.0,0.0,0.0
2014-07-23 20:15:00,0.0,0.407918,0.0,0.0,0.0
2014-07-23 20:20:00,0.0,0.0,0.0,0.0,0.0
2014-07-24 05:55:00,0.063136461,0.351467,0.0,0.0,0.0
2014-07-24 06:00:00,0.072994453,0.0,0.0,0.0,0.0
2014-07-24 06:05:00,0.07012359,0.321971,0.0,0.0,0.0
2014-07-24 06:10:00,0.108550088,0.0,0.0,0.0,0.0
2014-07-24 06:15:00,0.0,0.568665,0.0,0.0,0.0
2014-07-24 06:25:00,0.069650797,0.439178,0.0,0.0,0.0
2014-07-24 06:30:00,0.094860491,0.0,0.0,0.0,0.0
2014-07-24 06:35:00,0.065317447,0.442323,0.0,0.0,0.0
2014-07-24 06:40:00,0.09187328,0.0,0.0,0.0,0.0
2014-07-24 06:45:00,0.101925869,0.414762,0.0,0.0,0.0
2014-07-24 06:50:00,0.104564421,0.0,0.0,0.0,0.0
2014-07-24 06:55:00,0.080665497,0.356181,0.0,0.0,0.0
2014-07-24 07:00:00,0.101051966,0.0,0.0,0.0,0.0
2014-07-24 07:05:00,0.0,0.523252,0.0,0.0,0.0
2014-07-24 07:10:00,0.0,0.0,0.0,0.0,0.0
2014-07-24 07:15:00,0.074737694,0.476883,0.0,0.0,0.0
2014-07-24 07:20:00,0.069878197,0.0,0.0,0.0,0.0
2014-07-24 08:45:00,0.0,0.408976,0.0,0.0,0.0
2014-07-24 08:50:00,0.0,0.0,0.0,0.0,0.0
2014-07-24 08:55:00,0.0,0.030082,0.0,0.0,0.0
2014-07-24 09:00:00,0.0,0.0,0.0,0.0,0.0
2014-07-24 09:05:00,0.0,0.036974,0.0,0.0,0.0
2014-07-24 09:10:00,0.0,0.0,0.0,0.0,0.0
2014-07-24 09:15:00,0.0,0.06153,0.0,0.0,0.0
2014-07-24 09:20:00,0.0,0.0,0.0,0.0,0.0
2014-07-24 09:25:00,0.0,0.036309,0.0,0.0,0.0
2014-07-24 09:30:00,0.0,0.0,0.0,0.0,0.0
2014-07-24 09:35:00,0.0,0.028339,0.0,0.0,0.0
2014-07-24 09:40:00,0.0,0.0,0.0,0.0,0.0
2014-07-24 09:45:00,0.062455331,0.487933,0.0,0.0,0.0
2014-07-24 09:50:00,0.070857845,0.0,0.0,0.0,0.0
2014-07-24 09:55:00,0.068090968,0.404619,0.0,0.0,0.0
2014-07-24 10:00:00,0.079217003,0.0,0.0,0.0,0.0
2014-07-24 10:05:00,0.057993155,0.410114,0.0,0.0,0.0
2014-07-24 10:10:00,0.06279552,0.0,0.0,0.0,0.0
2014-07-24 10:15:00,0.063083849,0.332145,0.0,0.0,0.0
2014-07-24 10:20:00,0.064707347,0.0,0.0,0.0,0.0
2014-07-24 10:25:00,0.061793969,0.056141,0.0,0.0,0.0
2014-07-24 10:30:00,0.057134586,0.0,0.0,0.0,0.0
2014-07-24 10:35:00,0.066382056,0.317568,0.0,0.0,0.0
2014-07-24 10:40:00,0.065702486,0.0,0.0,0.0,0.0
2014-07-24 10:45:00,0.075837884,0.313576,0.0,0.0,0.0
2014-07-24 10:50:00,0.071324852,0.0,0.0,0.0,0.0
2014-07-24 10:55:00,0.072924837,0.262543,0.0,0.0,0.0
2014-07-24 11:00:00,0.068822214,0.0,0.0,0.0,0.0
2014-07-24 11:05:00,0.067517329,0.038304,0.0,0.0,0.0
2014-07-24 11:10:00,0.072035726,0.0,0.0,0.0,0.0
2014-07-24 11:15:00,0.069037403,0.139417,0.0,0.0,0.0
2014-07-24 11:20:00,0.064108242,0.0,0.0,0.0,0.0
2014-07-24 11:25:00,0.060951365,0.06847,0.0,0.0,0.0
2014-07-24 11:30:00,0.067261475,0.0,0.0,0.0,0.0
2014-07-24 11:35:00,0.063995,0.198795,0.0,0.0,0.0
2014-07-24 11:40:00,0.114735047,0.0,0.0,0.0,0.0
2014-07-24 11:45:00,0.0,0.566556,0.0,0.0,0.0
2014-07-24 11:50:00,0.062882542,0.0,0.0,0.0,0.0
2014-07-24 11:55:00,0.077318974,0.528269,0.0,0.0,0.0
2014-07-24 12:00:00,0.069855268,0.0,0.0,0.0,0.0
2014-07-24 12:05:00,0.055725676,0.327819,0.0,0.0,0.0
2014-07-24 12:10:00,0.093738198,0.0,0.0,0.0,0.0
2014-07-24 12:20:00,0.068159761,0.472416,0.0,0.0,0.0
2014-07-24 12:25:00,0.076422071,0.32106,0.0,0.0,0.0
2014-07-24 12:30:00,0.075878882,0.0,0.0,0.0,0.0
2014-07-24 12:35:00,0.071253913,0.332039,0.0,0.0,0.0
2014-07-24 12:40:00,0.077756844,0.0,0.0,0.0,0.0
2014-07-24 12:45:00,0.063601707,0.320638,0.0,0.0,0.0
2014-07-24 12:50:00,0.10324349,0.0,0.0,0.0,0.0
2014-07-24 12:55:00,0.059044135,0.434634,0.0,0.0,0.0
2014-07-24 13:00:00,0.065392214,0.0,0.0,0.0,0.0
2014-07-24 13:05:00,0.074960282,0.407192,0.0,0.0,0.0
2014-07-24 13:10:00,0.085893458,0.0,0.0,0.0,0.0
2014-07-24 13:15:00,0.084598799,0.326155,0.0,0.0,0.0
2014-07-24 13:20:00,0.063798883,0.0,0.0,0.0,0.0
2014-07-24 13:25:00,0.068831275,0.319288,0.0,0.0,0.0
2014-07-24 13:30:00,0.524246935,0.0,0.0,0.0,0.0
2014-07-24 13:35:00,0.087101771,0.910778,0.0,0.0,0.0
2014-07-24 13:40:00,0.065787391,0.0,0.0,0.0,0.0
2014-07-24 13:45:00,0.06919821,0.681836,0.0,0.0,0.0
2014-07-24 13:50:00,0.070659543,0.0,0.0,0.0,0.0
2014-07-24 13:55:00,0.06117666,0.534851,0.0,0.0,0.0
2014-07-24 14:00:00,0.078157515,0.0,0.0,0.0,0.0
2014-07-24 14:05:00,0.067612386,0.36252,0.0,0.0,0.0
2014-07-24 14:10:00,0.089919632,0.0,0.0,0.0,0.0
2014-07-24 14:15:00,0.097439289,0.481726,0.0,0.0,0.0
2014-07-24 14:20:00,0.066014404,0.0,0.0,0.0,0.0
2014-07-24 14:25:00,0.085737173,0.384165,0.0,0.0,0.0
2014-07-24 14:30:00,0.064890599,0.0,0.0,0.0,0.0
2014-07-24 14:35:00,0.06850619,0.43758,0.0,0.0,0.0
2014-07-24 14:40:00,0.06691381,0.0,0.0,0.0,0.0
2014-07-24 14:45:00,0.062846575,0.223045,0.0,0.0,0.0
2014-07-24 14:50:00,0.074442913,0.0,0.0,0.0,0.0
2014-07-24 14:55:00,0.085791861,0.235793,0.0,0.0,0.0
2014-07-24 15:00:00,0.066712354,0.0,0.0,0.0,0.0
2014-07-24 15:05:00,0.071112197,0.315119,0.0,0.0,0.0
2014-07-24 15:10:00,0.060056244,0.0,0.0,0.0,0.0
2014-07-24 15:15:00,0.070031968,0.357613,0.0,0.0,0.0
2014-07-24 15:20:00,0.095845057,0.0,0.0,0.0,0.0
2014-07-24 15:25:00,0.066195699,0.453783,0.0,0.0,0.0
2014-07-24 15:30:00,0.081358772,0.0,0.0,0.0,0.0
2014-07-24 15:35:00,0.068662967,0.419782,0.0,0.0,0.0
2014-07-24 15:40:00,0.108670118,0.0,0.0,0.0,0.0
2014-07-24 15:45:00,0.091656786,0.463041,0.0,0.0,0.0
2014-07-24 15:50:00,0.099634248,0.0,0.0,0.0,0.0
2014-07-24 15:55:00,0.118563,0.322763,0.0,0.0,0.0
2014-07-24 16:00:00,0.058717608,0.0,0.0,0.0,0.0
2014-07-24 16:05:00,0.0,0.308779,0.0,0.0,0.0
2014-07-24 16:10:00,0.0,0.0,0.0,0.0,0.0
2014-07-24 16:15:00,0.0,0.422897,0.0,0.0,0.0
2014-07-24 18:45:00,0.0,0.46164,0.0,0.0,0.0
2014-07-24 18:50:00,0.0,0.0,0.0,0.0,0.0
2014-07-24 18:55:00,0.060939679,0.487051,0.0,0.0,0.0
2014-07-24 19:00:00,0.073384077,0.0,0.0,0.0,0.0
2014-07-24 19:05:00,0.0,0.47725,0.0,0.0,0.0
2014-07-24 19:10:00,0.0,0.0,0.0,0.0,0.0
2014-07-24 19:15:00,0.0,0.460677,0.0,0.0,0.0
2014-07-24 19:20:00,0.066576387,0.0,0.0,0.0,0.0
2014-07-24 19:25:00,0.06964247,0.460719,0.0,0.0,0.0
2014-07-24 19:30:00,0.063509709,0.0,0.0,0.0,0.0
2014-07-24 19:35:00,0.064484306,0.466507,0.0,0.0,0.0
2014-07-24 19:40:00,0.061242839,0.0,0.0,0.0,0.0
2014-07-24 19:45:00,0.064032585,0.2184,0.0,0.0,0.0
2014-07-25 04:25:00,0.067142889,0.335123,0.0,0.0,0.0
2014-07-25 04:35:00,0.068054505,0.014304,0.0,0.0,0.0
2014-07-25 04:40:00,0.066956947,0.0,0.0,0.0,0.0
2014-07-25 04:45:00,0.068474389,0.030411,0.0,0.0,0.0
2014-07-25 04:50:00,0.092548565,0.0,0.0,0.0,0.0
2014-07-25 04:55:00,0.069871811,0.459057,0.0,0.0,0.0
2014-07-25 05:00:00,0.072714345,0.0,0.0,0.0,0.0
2014-07-25 05:05:00,0.07117198,0.386966,0.0,0.0,0.0
2014-07-25 05:10:00,0.074895181,0.0,0.0,0.0,0.0
2014-07-25 05:15:00,0.083711314,0.205873,0.0,0.0,0.0
2014-07-25 05:20:00,0.072403453,0.0,0.0,0.0,0.0
2014-07-25 05:25:00,0.080385259,0.312717,0.0,0.0,0.0
2014-07-25 05:30:00,0.078046892,0.0,0.0,0.0,0.0
2014-07-25 05:35:00,0.078197638,0.323832,0.0,0.0,0.0
2014-07-25 05:40:00,0.077526719,0.0,0.0,0.0,0.0
2014-07-25 05:45:00,0.075176188,0.034143,0.0,0.0,0.0
2014-07-25 05:50:00,0.077734212,0.0,0.0,0.0,0.0
2014-07-25 05:55:00,0.066790509,0.31829,0.0,0.0,0.0
2014-07-25 06:00:00,0.073448632,0.0,0.0,0.0,0.0
2014-07-25 06:05:00,0.078631616,0.205136,0.0,0.0,0.0
2014-07-25 06:10:00,0.078642825,0.0,0.0,0.0,0.0
2014-07-25 06:15:00,0.071975314,0.242225,0.0,0.0,0.0
2014-07-25 06:20:00,0.068929185,0.0,0.0,0.0,0.0
2014-07-25 06:25:00,0.068208364,0.069671,0.0,0.0,0.0
2014-07-25 06:30:00,0.065265704,0.0,0.0,0.0,0.0
2014-07-25 06:35:00,0.065391185,0.092459,0.0,0.0,0.0
2014-07-25 06:40:00,0.321492891,0.0,0.0,0.0,0.0
2014-07-25 06:45:00,0.093553322,0.69396,0.0,0.0,0.0
2014-07-25 06:50:00,0.089042572,0.0,0.0,0.0,0.0
2014-07-25 06:55:00,0.075370373,0.65758,0.0,0.0,0.0
2014-07-25 07:00:00,0.080041643,0.0,0.0,0.0,0.0
2014-07-25 07:05:00,0.073008225,0.452387,0.0,0.0,0.0
2014-07-25 07:10:00,0.080206812,0.0,0.0,0.0,0.0
2014-07-25 07:15:00,0.0,0.433312,0.0,0.0,0.0
2014-07-25 07:20:00,0.0,0.0,0.0,0.0,0.0
2014-07-25 07:25:00,0.0,0.411855,0.0,0.0,0.0
2014-07-25 07:30:00,0.0,0.0,0.0,0.0,0.0
2014-07-25 07:35:00,0.0,0.310423,0.0,0.0,0.0
2014-07-25 07:40:00,0.0,0.0,0.0,0.0,0.0
2014-07-25 07:45:00,0.0,0.011683,0.0,0.0,0.0
2014-07-25 07:50:00,0.0,0.0,0.0,0.0,0.0
2014-07-25 07:55:00,0.078838386,0.430369,0.0,0.0,0.0
2014-07-25 08:00:00,0.099511194,0.0,0.0,0.0,0.0
2014-07-25 08:05:00,0.09507214,0.458846,0.0,0.0,0.0
2014-07-25 08:10:00,0.07767202,0.0,0.0,0.0,0.0
2014-07-25 08:15:00,0.074637525,0.346422,0.0,0.0,0.0
2014-07-25 08:20:00,0.070592141,0.0,0.0,0.0,0.0
2014-07-25 08:25:00,0.065133319,0.20762,0.0,0.0,0.0
2014-07-25 08:30:00,0.069692447,0.0,0.0,0.0,0.0
2014-07-25 08:35:00,0.094646682,0.386691,0.0,0.0,0.0
2014-07-25 08:40:00,0.0,0.0,0.0,0.0,0.0
2014-07-25 08:45:00,0.08524335,0.549201,0.0,0.0,0.0
2014-07-25 08:50:00,0.077485182,0.0,0.0,0.0,0.0
2014-07-25 08:55:00,0.0,0.458678,0.0,0.0,0.0
