timestamp,value,anomaly_score
2015-09-01 11:25:00,58.0,0.000000
2015-09-01 11:30:00,63.0,0.000000
2015-09-01 11:35:00,63.0,0.000000
2015-09-01 11:40:00,64.0,0.000000
2015-09-01 11:55:00,58.0,0.000000
2015-09-01 12:00:00,63.0,0.000000
2015-09-01 12:05:00,60.0,0.000000
2015-09-01 12:10:00,60.0,0.000000
2015-09-01 12:15:00,62.0,0.000000
2015-09-01 12:20:00,62.0,0.000000
2015-09-01 12:25:00,59.0,0.000000
2015-09-01 12:30:00,65.0,0.000000
2015-09-01 12:35:00,60.0,0.000000
2015-09-01 12:45:00,63.0,0.000000
2015-09-01 12:50:00,53.0,0.000000
2015-09-01 12:55:00,62.0,0.000000
2015-09-01 13:05:00,60.0,0.000000
2015-09-01 13:10:00,60.0,0.000000
2015-09-01 13:15:00,61.0,0.000000
2015-09-01 13:20:00,61.0,0.000000
2015-09-01 13:25:00,59.0,0.000000
2015-09-01 13:35:00,63.0,0.000000
2015-09-01 13:45:00,65.0,0.000000
2015-09-01 13:50:00,59.0,0.000000
2015-09-01 14:00:00,62.0,0.000000
2015-09-01 14:05:00,58.0,0.000000
2015-09-01 14:10:00,57.0,0.000000
2015-09-01 14:15:00,64.0,0.000000
2015-09-01 14:30:00,58.0,0.000000
2015-09-01 14:35:00,62.0,0.000000
2015-09-01 14:40:00,63.0,0.000000
2015-09-01 14:50:00,62.0,0.000000
2015-09-01 14:55:00,63.0,0.000000
2015-09-01 15:00:00,66.0,0.000000
2015-09-01 15:05:00,55.0,0.000000
2015-09-01 15:10:00,59.0,0.000000
2015-09-01 15:25:00,59.0,0.000000
2015-09-01 15:30:00,59.0,0.000000
2015-09-01 15:35:00,63.0,0.000000
2015-09-01 15:40:00,60.0,0.000000
2015-09-01 15:45:00,63.0,0.000000
2015-09-01 15:55:00,58.0,0.000000
2015-09-01 16:00:00,68.0,0.000000
2015-09-01 16:05:00,63.0,0.000000
2015-09-01 16:10:00,60.0,0.000000
2015-09-01 16:15:00,62.0,0.000000
2015-09-01 16:20:00,59.0,0.000000
2015-09-01 16:25:00,65.0,0.000000
2015-09-01 16:30:00,63.0,0.000000
2015-09-01 16:40:00,65.0,0.000000
2015-09-01 16:45:00,60.0,0.000000
2015-09-01 16:55:00,63.0,0.000000
2015-09-01 17:05:00,62.0,0.000000
2015-09-01 17:10:00,63.0,0.000000
2015-09-01 17:15:00,38.0,0.000000
2015-09-01 17:20:00,38.0,0.000000
2015-09-01 17:25:00,33.0,0.000000
2015-09-01 17:35:00,59.0,0.000000
2015-09-01 17:40:00,63.0,0.000000
2015-09-01 17:45:00,68.0,0.000000
2015-09-01 17:50:00,64.0,0.000000
2015-09-01 17:55:00,65.0,0.000000
2015-09-01 17:59:00,65.0,0.000000
2015-09-01 18:10:00,61.0,0.000000
2015-09-01 18:15:00,63.0,0.000000
2015-09-01 18:20:00,66.0,0.000000
2015-09-01 18:25:00,66.0,0.000000
2015-09-01 18:30:00,60.0,0.000000
2015-09-01 18:35:00,68.0,0.000000
2015-09-01 18:45:00,63.0,0.000000
2015-09-01 18:50:00,63.0,0.000000
2015-09-01 19:20:00,66.0,0.000000
2015-09-01 19:25:00,63.0,0.000000
2015-09-01 19:35:00,59.0,0.000000
2015-09-01 19:50:00,61.0,0.000000
2015-09-01 20:00:00,67.0,0.000000
2015-09-01 20:15:00,59.0,0.000000
2015-09-01 20:35:00,62.0,0.000000
2015-09-01 20:40:00,59.0,0.000000
2015-09-01 20:50:00,60.0,0.000000
2015-09-01 20:55:00,65.0,0.000000
2015-09-01 21:00:00,60.0,0.000000
2015-09-01 21:05:00,62.0,0.000000
2015-09-01 21:10:00,65.0,0.000000
2015-09-01 21:15:00,56.0,0.000000
2015-09-01 21:20:00,66.0,0.000000
2015-09-01 21:25:00,66.0,0.000000
2015-09-01 21:30:00,60.0,0.000000
2015-09-01 21:35:00,70.0,0.000000
2015-09-01 21:59:00,63.0,0.000000
2015-09-01 22:10:00,64.0,0.000000
2015-09-01 22:20:00,58.0,0.000000
2015-09-01 22:25:00,60.0,0.000000
2015-09-01 22:40:00,60.0,0.000000
2015-09-01 22:45:00,59.0,0.000000
2015-09-01 22:50:00,60.0,0.000000
2015-09-01 23:01:00,56.0,0.000000
2015-09-01 23:05:00,58.0,0.000000
2015-09-01 23:10:00,62.0,0.000000
2015-09-01 23:15:00,56.0,0.000000
2015-09-02 00:05:00,75.0,0.000000
2015-09-02 00:10:00,57.0,0.000000
2015-09-02 00:30:00,59.0,0.000000
2015-09-02 01:25:00,62.0,0.000000
2015-09-02 01:35:00,66.0,0.000000
2015-09-02 02:30:00,59.0,0.000000
2015-09-02 02:40:00,58.0,0.000000
2015-09-02 02:50:00,61.0,0.000000
2015-09-02 03:05:00,53.0,0.000000
2015-09-02 03:10:00,53.0,0.000000
2015-09-02 03:40:00,56.0,0.000000
2015-09-02 03:50:00,57.0,0.000000
2015-09-02 03:55:00,56.0,0.000000
2015-09-02 04:05:00,56.0,0.000000
2015-09-02 04:20:00,64.0,0.263594
2015-09-02 04:25:00,55.0,0.000000
2015-09-02 04:40:00,67.0,0.829448
2015-09-02 04:45:00,65.0,0.000000
2015-09-02 04:50:00,68.0,0.253484
2015-09-02 04:55:00,61.0,0.000000
2015-09-02 05:00:00,63.0,0.683505
2015-09-02 05:10:00,66.0,0.257262
2015-09-02 05:15:00,60.0,0.000000
2015-09-02 05:20:00,62.0,0.638319
2015-09-02 05:30:00,69.0,0.273424
2015-09-02 05:35:00,64.0,0.000000
2015-09-02 05:45:00,62.0,0.000000
2015-09-02 05:50:00,63.0,0.000000
2015-09-02 05:55:00,62.0,0.000000
2015-09-02 06:00:00,60.0,0.299562
2015-09-02 06:05:00,61.0,0.000000
2015-09-02 06:10:00,60.0,0.000000
2015-09-02 06:20:00,55.0,0.204158
2015-09-02 06:25:00,56.0,0.000000
2015-09-02 06:30:00,58.0,0.000000
2015-09-02 06:40:00,54.0,0.000000
2015-09-02 06:45:00,35.0,0.000000
2015-09-02 06:50:00,60.0,1.000000
2015-09-02 06:55:00,58.0,0.000000
2015-09-02 07:00:00,59.0,0.844682
2015-09-02 07:05:00,34.0,0.000000
2015-09-02 07:10:00,31.0,0.752651
2015-09-02 07:15:00,52.0,0.000000
2015-09-02 07:20:00,57.0,0.775976
2015-09-02 07:25:00,55.0,0.000000
2015-09-02 07:30:00,52.0,0.690989
2015-09-02 07:35:00,54.0,0.000000
2015-09-02 07:40:00,56.0,0.682747
2015-09-02 07:45:00,54.0,0.000000
2015-09-02 07:50:00,56.0,0.121432
2015-09-02 07:55:00,53.0,0.000000
2015-09-02 08:00:00,47.0,0.444265
2015-09-02 08:05:00,52.0,0.000000
2015-09-02 08:10:00,52.0,0.406812
2015-09-02 08:15:00,58.0,0.000000
2015-09-02 08:20:00,52.0,0.830661
2015-09-02 08:25:00,55.0,0.000000
2015-09-02 08:30:00,47.0,0.875265
2015-09-02 08:35:00,53.0,0.000000
2015-09-02 08:40:00,49.0,0.636366
2015-09-02 08:45:00,49.0,0.000000
2015-09-02 08:50:00,55.0,0.659379
2015-09-02 08:55:00,51.0,0.000000
2015-09-02 09:00:00,53.0,0.609447
2015-09-02 09:05:00,53.0,0.000000
2015-09-02 09:10:00,46.0,0.527117
2015-09-02 09:15:00,52.0,0.000000
2015-09-02 09:25:00,61.0,0.297167
2015-09-02 09:30:00,63.0,0.123912
2015-09-02 09:35:00,62.0,0.000000
2015-09-02 09:40:00,62.0,0.000000
2015-09-02 09:55:00,67.0,0.000000
2015-09-02 10:00:00,61.0,0.525630
2015-09-02 10:05:00,63.0,0.000000
2015-09-02 10:10:00,59.0,0.576521
2015-09-02 10:15:00,61.0,0.000000
2015-09-02 10:20:00,61.0,0.103297
2015-09-02 10:25:00,61.0,0.000000
2015-09-02 10:30:00,61.0,0.000000
2015-09-02 10:35:00,63.0,0.000000
2015-09-02 10:40:00,63.0,0.000000
2015-09-02 10:45:00,61.0,0.000000
2015-09-02 10:50:00,63.0,0.229479
2015-09-02 10:55:00,67.0,0.000000
2015-09-02 11:00:00,59.0,0.816224
2015-09-02 11:10:00,62.0,0.569540
2015-09-02 11:15:00,63.0,0.000000
2015-09-02 11:25:00,65.0,0.000000
2015-09-02 11:30:00,58.0,0.540764
2015-09-02 11:40:00,64.0,0.264518
2015-09-02 11:45:00,62.0,0.000000
2015-09-02 11:50:00,62.0,0.000000
2015-09-02 11:55:00,57.0,0.000000
2015-09-02 12:00:00,62.0,0.733758
2015-09-02 12:05:00,61.0,0.000000
2015-09-02 12:15:00,56.0,0.252376
2015-09-02 12:20:00,62.0,0.699147
2015-09-02 12:25:00,60.0,0.000000
2015-09-02 12:30:00,64.0,0.661992
2015-09-02 12:35:00,61.0,0.000000
2015-09-02 12:40:00,64.0,0.460473
2015-09-02 12:50:00,62.0,0.000000
2015-09-02 12:55:00,65.0,0.000000
2015-09-02 13:00:00,62.0,0.429874
2015-09-02 13:05:00,52.0,0.000000
2015-09-02 13:10:00,60.0,0.843141
2015-09-02 13:15:00,61.0,0.000000
2015-09-02 13:20:00,60.0,0.608640
2015-09-02 13:25:00,62.0,0.000000
2015-09-02 13:30:00,62.0,0.262006
2015-09-02 13:35:00,62.0,0.000000
2015-09-02 13:40:00,65.0,0.100434
2015-09-02 13:55:00,57.0,0.000000
2015-09-02 14:00:00,64.0,0.742451
2015-09-02 14:05:00,63.0,0.000000
2015-09-02 14:10:00,63.0,0.466337
2015-09-02 14:15:00,61.0,0.000000
2015-09-02 14:20:00,61.0,0.000000
2015-09-02 14:25:00,64.0,0.000000
2015-09-02 14:30:00,57.0,0.674478
2015-09-02 14:35:00,62.0,0.000000
2015-09-02 14:40:00,60.0,0.655022
2015-09-02 14:45:00,61.0,0.000000
2015-09-02 14:50:00,60.0,0.264971
2015-09-02 15:00:00,65.0,0.000000
2015-09-02 15:05:00,61.0,0.000000
2015-09-02 15:10:00,62.0,0.157555
2015-09-02 15:15:00,59.0,0.000000
2015-09-02 15:20:00,57.0,0.000000
2015-09-02 15:25:00,60.0,0.000000
2015-09-02 15:30:00,61.0,0.000000
2015-09-02 15:35:00,61.0,0.000000
2015-09-02 15:40:00,63.0,0.000000
2015-09-02 15:45:00,61.0,0.000000
2015-09-02 15:50:00,67.0,0.631518
2015-09-02 15:55:00,60.0,0.000000
2015-09-02 16:00:00,65.0,0.846423
2015-09-02 16:05:00,64.0,0.000000
2015-09-02 16:10:00,63.0,0.358901
2015-09-02 16:15:00,65.0,0.000000
2015-09-02 16:20:00,62.0,0.387624
2015-09-02 16:25:00,64.0,0.000000
2015-09-02 16:30:00,60.0,0.460533
2015-09-02 16:35:00,65.0,0.000000
2015-09-02 16:40:00,59.0,0.728608
2015-09-02 16:45:00,60.0,0.000000
2015-09-02 16:50:00,57.0,0.527396
2015-09-02 16:55:00,57.0,0.000000
2015-09-02 17:00:00,64.0,0.624910
2015-09-02 17:05:00,60.0,0.000000
2015-09-02 17:10:00,61.0,0.494888
2015-09-02 17:15:00,64.0,0.000000
2015-09-02 17:20:00,59.0,0.500022
2015-09-02 17:25:00,64.0,0.000000
2015-09-02 17:30:00,63.0,0.507083
2015-09-02 17:35:00,64.0,0.000000
2015-09-02 17:40:00,64.0,0.123363
2015-09-02 17:45:00,63.0,0.000000
2015-09-02 17:50:00,66.0,0.259242
2015-09-02 18:05:00,61.0,0.000000
2015-09-02 18:10:00,62.0,0.045277
2015-09-02 18:15:00,64.0,0.000000
2015-09-02 18:30:00,64.0,0.000000
2015-09-02 18:35:00,64.0,0.000000
2015-09-02 18:45:00,66.0,0.000000
2015-09-02 18:55:00,67.0,0.000000
2015-09-02 19:00:00,65.0,0.296419
2015-09-02 19:05:00,64.0,0.000000
2015-09-02 19:10:00,65.0,0.000000
2015-09-02 19:21:00,65.0,0.000000
2015-09-02 19:36:00,60.0,0.000000
2015-09-02 19:41:00,65.0,0.513967
2015-09-02 19:51:00,58.0,0.221217
2015-09-02 20:01:00,59.0,0.000000
2015-09-02 20:06:00,61.0,0.000000
2015-09-02 20:11:00,62.0,0.000000
2015-09-02 20:16:00,54.0,0.000000
2015-09-02 20:21:00,64.0,0.748632
2015-09-02 20:26:00,61.0,0.000000
2015-09-02 20:36:00,60.0,0.399640
2015-09-02 20:41:00,65.0,0.399375
2015-09-02 20:46:00,66.0,0.000000
2015-09-02 20:56:00,63.0,0.242913
2015-09-02 21:06:00,65.0,0.000000
2015-09-02 21:21:00,55.0,0.232411
2015-09-02 21:26:00,66.0,0.000000
2015-09-02 21:36:00,61.0,0.464712
2015-09-02 21:51:00,64.0,0.505807
2015-09-02 22:01:00,62.0,0.000000
2015-09-02 22:06:00,63.0,0.000000
2015-09-02 22:11:00,57.0,0.407179
2015-09-02 22:26:00,61.0,0.104416
2015-09-02 22:41:00,60.0,0.000000
2015-09-02 22:51:00,67.0,0.000000
2015-09-02 23:01:00,64.0,0.178373
2015-09-02 23:11:00,58.0,0.274020
2015-09-02 23:16:00,64.0,0.000000
2015-09-02 23:26:00,60.0,0.107603
2015-09-02 23:41:00,58.0,0.302931
2015-09-03 00:11:00,57.0,0.000000
2015-09-03 00:21:00,67.0,0.381515
2015-09-03 00:26:00,56.0,0.000000
2015-09-03 00:36:00,55.0,0.441380
2015-09-03 00:56:00,62.0,0.521411
2015-09-03 01:01:00,45.0,0.878788
2015-09-03 01:06:00,60.0,0.000000
2015-09-03 01:16:00,61.0,0.825603
2015-09-03 01:31:00,63.0,0.512880
2015-09-03 01:56:00,63.0,0.000000
2015-09-03 02:36:00,60.0,0.960092
2015-09-03 02:46:00,58.0,0.097155
2015-09-03 02:56:00,66.0,0.285705
2015-09-03 03:16:00,58.0,0.414406
2015-09-03 03:31:00,61.0,0.441099
2015-09-03 03:41:00,67.0,0.091502
2015-09-03 03:46:00,62.0,0.000000
2015-09-03 04:11:00,61.0,0.296890
2015-09-03 04:31:00,64.0,0.601735
2015-09-03 04:46:00,69.0,0.000000
2015-09-03 05:01:00,61.0,0.348551
2015-09-03 05:11:00,64.0,0.353770
2015-09-03 05:31:00,65.0,0.200745
2015-09-03 05:36:00,66.0,0.000000
2015-09-03 05:41:00,67.0,0.256999
2015-09-03 05:51:00,65.0,0.000000
2015-09-03 05:56:00,68.0,0.000000
2015-09-03 06:01:00,67.0,0.000000
2015-09-03 06:06:00,64.0,0.000000
2015-09-03 06:11:00,66.0,0.214241
2015-09-03 06:16:00,72.0,0.000000
2015-09-03 06:21:00,58.0,0.820625
2015-09-03 06:26:00,64.0,0.000000
2015-09-03 06:36:00,62.0,0.712280
2015-09-03 06:41:00,74.0,0.766337
2015-09-03 06:51:00,65.0,0.568859
2015-09-03 07:06:00,68.0,0.238999
2015-09-03 07:11:00,61.0,0.442877
2015-09-03 07:16:00,64.0,0.000000
2015-09-03 07:21:00,59.0,0.524714
2015-09-03 07:26:00,67.0,0.000000
2015-09-03 07:31:00,63.0,0.479921
2015-09-03 07:36:00,63.0,0.000000
2015-09-03 07:41:00,66.0,0.167023
2015-09-03 07:46:00,59.0,0.000000
2015-09-03 07:51:00,63.0,0.512347
2015-09-03 07:56:00,66.0,0.000000
2015-09-03 08:01:00,61.0,0.416819
2015-09-03 08:06:00,61.0,0.000000
2015-09-03 08:31:00,63.0,0.296140
2015-09-03 08:36:00,56.0,0.000000
2015-09-03 08:41:00,63.0,0.651651
2015-09-03 08:46:00,61.0,0.000000
2015-09-03 08:51:00,65.0,0.717366
2015-09-03 09:01:00,62.0,0.000000
2015-09-03 09:11:00,65.0,0.218154
2015-09-03 09:16:00,64.0,0.000000
2015-09-03 09:21:00,65.0,0.097708
2015-09-03 09:26:00,62.0,0.000000
2015-09-03 09:31:00,66.0,0.578512
2015-09-03 09:36:00,66.0,0.000000
2015-09-03 09:46:00,63.0,0.042963
2015-09-03 09:51:00,60.0,0.201202
2015-09-03 09:56:00,65.0,0.000000
2015-09-03 10:01:00,66.0,0.008759
2015-09-03 10:06:00,60.0,0.000000
2015-09-03 10:11:00,61.0,0.246042
2015-09-03 10:21:00,66.0,0.127305
2015-09-03 10:26:00,67.0,0.000000
2015-09-03 10:36:00,63.0,0.611805
2015-09-03 10:41:00,61.0,0.061740
2015-09-03 10:46:00,59.0,0.000000
2015-09-03 10:51:00,60.0,0.784435
2015-09-03 10:56:00,60.0,0.000000
2015-09-03 11:06:00,63.0,0.147587
2015-09-03 11:11:00,63.0,0.000000
2015-09-03 11:16:00,61.0,0.000000
2015-09-03 11:26:00,61.0,0.000000
2015-09-03 11:31:00,61.0,0.627842
2015-09-03 11:36:00,62.0,0.000000
2015-09-03 11:41:00,61.0,0.178385
2015-09-03 11:46:00,63.0,0.000000
2015-09-03 11:51:00,63.0,0.000000
2015-09-03 12:01:00,64.0,0.000000
2015-09-03 12:06:00,63.0,0.000000
2015-09-03 12:11:00,65.0,0.000000
2015-09-03 12:16:00,65.0,0.000000
2015-09-03 12:21:00,66.0,0.509165
2015-09-03 12:26:00,62.0,0.000000
2015-09-03 12:31:00,63.0,0.000000
2015-09-03 12:36:00,63.0,0.000000
2015-09-03 12:41:00,63.0,0.000000
2015-09-03 12:51:00,61.0,0.000000
2015-09-03 12:56:00,62.0,0.000000
2015-09-03 13:06:00,67.0,0.298704
2015-09-03 13:11:00,68.0,0.000000
2015-09-03 13:26:00,64.0,0.000000
2015-09-03 13:31:00,62.0,0.196000
2015-09-03 13:36:00,63.0,0.000000
2015-09-03 13:41:00,66.0,0.132579
2015-09-03 13:46:00,61.0,0.000000
2015-09-03 13:51:00,62.0,0.224665
2015-09-03 14:01:00,61.0,0.000000
2015-09-03 14:06:00,63.0,0.000000
2015-09-03 14:11:00,61.0,0.423099
2015-09-03 14:16:00,65.0,0.000000
2015-09-03 14:21:00,52.0,0.791309
2015-09-03 14:26:00,67.0,0.000000
2015-09-03 14:31:00,69.0,0.640029
2015-09-03 14:41:00,65.0,0.005332
2015-09-03 14:51:00,63.0,0.631089
2015-09-03 14:56:00,65.0,0.000000
2015-09-03 15:01:00,66.0,0.000000
2015-09-03 15:06:00,57.0,0.000000
2015-09-03 15:11:00,61.0,0.622350
2015-09-03 15:21:00,63.0,0.395355
2015-09-03 15:26:00,62.0,0.000000
2015-09-03 15:36:00,61.0,0.638215
2015-09-03 15:41:00,62.0,0.080115
2015-09-03 15:51:00,64.0,0.000000
2015-09-03 15:56:00,62.0,0.000000
2015-09-03 16:01:00,67.0,0.382563
2015-09-03 16:06:00,63.0,0.000000
2015-09-03 16:11:00,64.0,0.313749
2015-09-03 16:16:00,65.0,0.000000
2015-09-03 16:26:00,69.0,0.053628
2015-09-03 16:36:00,65.0,0.224627
2015-09-03 16:41:00,60.0,0.511025
2015-09-03 16:46:00,65.0,0.000000
2015-09-03 16:51:00,62.0,0.449228
2015-09-03 17:01:00,66.0,0.305813
2015-09-03 17:06:00,66.0,0.000000
2015-09-03 17:11:00,65.0,0.105784
2015-09-03 17:21:00,64.0,0.000000
2015-09-03 17:26:00,61.0,0.000000
2015-09-03 17:36:00,64.0,0.000000
2015-09-03 17:41:00,63.0,0.002860
2015-09-03 17:46:00,67.0,0.000000
2015-09-03 17:51:00,63.0,0.505169
2015-09-03 17:56:00,66.0,0.000000
2015-09-03 18:01:00,66.0,0.348962
2015-09-03 18:06:00,65.0,0.000000
2015-09-03 18:11:00,64.0,0.428413
2015-09-03 18:16:00,66.0,0.000000
2015-09-03 18:21:00,67.0,0.000000
2015-09-03 18:26:00,63.0,0.000000
2015-09-03 18:31:00,63.0,0.000000
2015-09-03 18:36:00,64.0,0.000000
2015-09-03 18:46:00,65.0,0.016465
2015-09-03 18:51:00,67.0,0.205775
2015-09-03 18:56:00,64.0,0.000000
2015-09-03 19:01:00,69.0,0.396942
2015-09-03 19:06:00,62.0,0.000000
2015-09-03 19:11:00,62.0,0.365377
2015-09-03 19:16:00,66.0,0.000000
2015-09-03 19:21:00,66.0,0.000000
2015-09-03 19:31:00,71.0,0.184090
2015-09-03 19:42:00,69.0,0.382842
2015-09-03 19:47:00,64.0,0.000000
2015-09-03 19:57:00,63.0,0.129738
2015-09-03 20:02:00,65.0,0.000000
2015-09-03 20:07:00,63.0,0.000000
2015-09-03 20:17:00,63.0,0.011078
2015-09-03 20:42:00,62.0,0.348387
2015-09-03 20:47:00,66.0,0.000000
2015-09-03 20:57:00,67.0,0.000000
2015-09-03 21:07:00,60.0,0.237106
2015-09-03 21:12:00,61.0,0.063777
2015-09-03 21:17:00,69.0,0.000000
2015-09-03 21:22:00,62.0,0.438003
2015-09-03 21:27:00,62.0,0.000000
2015-09-03 21:32:00,70.0,0.690869
2015-09-03 21:37:00,65.0,0.000000
2015-09-03 21:42:00,66.0,0.277045
2015-09-03 21:47:00,69.0,0.000000
2015-09-03 22:02:00,60.0,0.467677
2015-09-03 22:12:00,63.0,0.337765
2015-09-03 22:22:00,64.0,0.000000
2015-09-03 23:02:00,62.0,0.281728
2015-09-03 23:22:00,62.0,0.219263
2015-09-03 23:37:00,59.0,0.410286
2015-09-03 23:42:00,54.0,0.403721
2015-09-03 23:47:00,61.0,0.000000
2015-09-04 00:02:00,68.0,0.278585
2015-09-04 00:17:00,63.0,0.065156
2015-09-04 00:27:00,63.0,0.000000
2015-09-04 01:02:00,61.0,0.522879
2015-09-04 01:17:00,59.0,0.000000
2015-09-04 01:37:00,58.0,0.695989
2015-09-04 01:42:00,59.0,0.940593
2015-09-04 01:57:00,67.0,0.000000
2015-09-04 02:02:00,62.0,0.440487
2015-09-04 02:22:00,70.0,0.200043
2015-09-04 03:57:00,51.0,0.658315
2015-09-04 04:12:00,64.0,0.684673
2015-09-04 04:17:00,64.0,0.000000
2015-09-04 04:22:00,60.0,0.451069
2015-09-04 04:27:00,49.0,0.000000
2015-09-04 04:32:00,61.0,0.775956
2015-09-04 04:37:00,66.0,0.000000
2015-09-04 04:52:00,64.0,0.935618
2015-09-04 05:17:00,68.0,0.653172
2015-09-04 05:22:00,63.0,0.369631
2015-09-04 05:27:00,68.0,0.000000
2015-09-04 05:42:00,62.0,0.115116
2015-09-04 05:52:00,64.0,0.250336
2015-09-04 05:57:00,67.0,0.000000
2015-09-04 06:02:00,65.0,0.102900
2015-09-04 06:07:00,63.0,0.000000
2015-09-04 06:12:00,57.0,0.508337
2015-09-04 06:17:00,63.0,0.000000
2015-09-04 06:22:00,63.0,0.560489
2015-09-04 06:27:00,61.0,0.000000
2015-09-04 06:32:00,62.0,0.344094
2015-09-04 06:37:00,62.0,0.000000
2015-09-04 06:42:00,66.0,0.416557
2015-09-04 06:47:00,63.0,0.000000
2015-09-04 06:52:00,62.0,0.361280
2015-09-04 06:57:00,69.0,0.000000
2015-09-04 07:02:00,65.0,0.571664
2015-09-04 07:07:00,66.0,0.000000
2015-09-04 07:12:00,63.0,0.237316
2015-09-04 07:17:00,65.0,0.000000
2015-09-04 07:22:00,59.0,0.659158
2015-09-04 07:32:00,61.0,0.196476
2015-09-04 07:42:00,64.0,0.113852
2015-09-04 07:47:00,62.0,0.000000
2015-09-04 08:07:00,64.0,0.275207
2015-09-04 08:12:00,66.0,0.000000
2015-09-04 08:17:00,62.0,0.000000
2015-09-04 08:22:00,64.0,0.042713
2015-09-04 08:27:00,62.0,0.000000
2015-09-04 08:32:00,64.0,0.033378
2015-09-04 08:37:00,59.0,0.000000
2015-09-04 08:42:00,63.0,0.000000
2015-09-04 08:47:00,59.0,0.000000
2015-09-04 08:57:00,65.0,0.085463
2015-09-04 09:02:00,64.0,0.315748
2015-09-04 09:07:00,62.0,0.000000
2015-09-04 09:22:00,59.0,0.000000
2015-09-04 09:27:00,62.0,0.000000
2015-09-04 09:32:00,60.0,0.000000
2015-09-04 09:42:00,60.0,0.298563
2015-09-04 09:47:00,67.0,0.000000
2015-09-04 09:52:00,59.0,0.469120
2015-09-04 09:57:00,63.0,0.000000
2015-09-04 10:07:00,60.0,0.185883
2015-09-04 10:12:00,63.0,0.235538
2015-09-04 10:22:00,63.0,0.000000
2015-09-04 10:27:00,58.0,0.000000
2015-09-04 10:32:00,61.0,0.333815
2015-09-04 10:42:00,66.0,0.321490
2015-09-04 10:52:00,60.0,0.346520
2015-09-04 10:57:00,62.0,0.000000
2015-09-04 11:02:00,61.0,0.000000
2015-09-04 11:12:00,61.0,0.008827
2015-09-04 11:17:00,62.0,0.000000
2015-09-04 11:22:00,64.0,0.000000
2015-09-04 11:27:00,60.0,0.000000
2015-09-04 11:32:00,62.0,0.092125
2015-09-04 11:37:00,63.0,0.000000
2015-09-04 11:42:00,63.0,0.033826
2015-09-04 11:52:00,63.0,0.000000
2015-09-04 11:57:00,70.0,0.000000
2015-09-04 12:27:00,63.0,0.540266
2015-09-04 12:37:00,66.0,0.400247
2015-09-04 12:47:00,68.0,0.000000
2015-09-04 13:12:00,62.0,0.447083
2015-09-04 13:17:00,65.0,0.000000
2015-09-04 13:22:00,63.0,0.000000
2015-09-04 13:27:00,58.0,0.000000
2015-09-04 13:37:00,61.0,0.495374
2015-09-04 13:47:00,63.0,0.261119
2015-09-04 14:02:00,69.0,0.332399
2015-09-04 14:12:00,62.0,0.321322
2015-09-04 14:17:00,64.0,0.000000
2015-09-04 14:22:00,65.0,0.076498
2015-09-04 14:27:00,62.0,0.000000
2015-09-04 14:37:00,68.0,0.767553
2015-09-04 14:47:00,65.0,0.280944
2015-09-04 14:52:00,62.0,0.245948
2015-09-04 14:57:00,60.0,0.000000
2015-09-04 15:07:00,68.0,0.414029
2015-09-04 15:12:00,63.0,0.631384
2015-09-04 15:17:00,63.0,0.000000
2015-09-04 15:27:00,65.0,0.061399
2015-09-04 15:32:00,65.0,0.138587
2015-09-04 15:37:00,66.0,0.000000
2015-09-04 15:52:00,65.0,0.160812
2015-09-04 15:57:00,64.0,0.000000
2015-09-04 16:07:00,66.0,0.000000
2015-09-04 16:12:00,66.0,0.590689
2015-09-04 16:17:00,60.0,0.000000
2015-09-04 16:22:00,62.0,0.000000
2015-09-04 16:27:00,68.0,0.000000
2015-09-04 16:37:00,69.0,0.244271
2015-09-04 17:02:00,67.0,0.449318
2015-09-04 17:07:00,62.0,0.000000
2015-09-04 17:12:00,65.0,0.569690
2015-09-04 17:17:00,72.0,0.000000
2015-09-04 17:22:00,64.0,0.519818
2015-09-04 17:32:00,62.0,0.287646
2015-09-04 17:37:00,68.0,0.000000
2015-09-04 17:42:00,60.0,0.420944
2015-09-04 17:52:00,69.0,0.681439
2015-09-04 18:02:00,63.0,0.445073
2015-09-04 18:07:00,64.0,0.000000
2015-09-04 18:12:00,63.0,0.164635
2015-09-04 18:17:00,62.0,0.000000
2015-09-04 18:27:00,67.0,0.037835
2015-09-04 18:32:00,67.0,0.220316
2015-09-04 18:42:00,65.0,0.000000
2015-09-04 18:47:00,66.0,0.000000
2015-09-04 18:52:00,67.0,0.273168
2015-09-04 18:57:00,68.0,0.000000
2015-09-04 19:12:00,63.0,0.311399
2015-09-04 19:22:00,64.0,0.104435
2015-09-04 19:37:00,71.0,0.000000
2015-09-04 19:47:00,67.0,0.210314
2015-09-04 19:52:00,67.0,0.188307
2015-09-04 19:57:00,60.0,0.000000
2015-09-04 20:02:00,64.0,0.194262
2015-09-04 20:12:00,65.0,0.134339
2015-09-04 20:17:00,65.0,0.000000
2015-09-04 20:18:00,67.0,0.000000
2015-09-04 20:23:00,65.0,0.000000
2015-09-04 20:28:00,63.0,0.000000
2015-09-04 20:33:00,62.0,0.681944
2015-09-04 21:03:00,68.0,0.088237
2015-09-04 21:08:00,65.0,0.000000
2015-09-04 21:13:00,62.0,0.422818
2015-09-04 21:18:00,62.0,0.000000
2015-09-04 21:23:00,66.0,0.354383
2015-09-04 21:28:00,61.0,0.000000
2015-09-04 21:38:00,64.0,0.680204
2015-09-04 21:43:00,66.0,0.448748
2015-09-04 21:48:00,61.0,0.000000
2015-09-04 21:53:00,61.0,0.274180
2015-09-04 22:03:00,64.0,0.394696
2015-09-04 22:08:00,52.0,0.000000
2015-09-04 22:13:00,63.0,0.000000
2015-09-04 22:23:00,61.0,0.558105
2015-09-08 10:44:00,65.0,1.000000
2015-09-08 10:54:00,67.0,0.799515
2015-09-08 10:59:00,63.0,0.000000
2015-09-08 11:04:00,64.0,0.741973
2015-09-08 11:14:00,63.0,0.661846
2015-09-08 11:19:00,66.0,0.000000
2015-09-08 11:24:00,63.0,0.548009
2015-09-08 11:29:00,68.0,0.000000
2015-09-08 11:34:00,65.0,0.792724
2015-09-08 11:49:00,66.0,0.726299
2015-09-08 11:54:00,67.0,0.348036
2015-09-08 11:59:00,62.0,0.000000
2015-09-08 12:04:00,65.0,0.737813
2015-09-08 12:09:00,64.0,0.000000
2015-09-08 12:19:00,64.0,0.812561
2015-09-08 12:24:00,62.0,0.554924
2015-09-08 12:27:00,66.0,0.000000
2015-09-08 12:32:00,63.0,0.537155
2015-09-08 12:36:00,65.0,0.000000
2015-09-08 12:46:00,64.0,0.000000
2015-09-08 12:56:00,67.0,0.418501
2015-09-08 13:01:00,62.0,0.747921
2015-09-08 13:06:00,64.0,0.000000
2015-09-08 13:16:00,62.0,0.810521
2015-09-08 13:21:00,66.0,0.730549
2015-09-08 13:26:00,62.0,0.000000
2015-09-08 13:36:00,66.0,0.770318
2015-09-08 13:41:00,63.0,0.727927
2015-09-08 13:51:00,63.0,0.576446
2015-09-08 13:56:00,64.0,0.000000
2015-09-08 14:00:00,63.0,0.393208
2015-09-08 14:06:00,63.0,0.000000
2015-09-08 14:11:00,63.0,0.279441
2015-09-08 14:21:00,64.0,0.000000
2015-09-08 14:26:00,64.0,0.000000
2015-09-08 14:31:00,66.0,0.452564
2015-09-08 14:36:00,64.0,0.000000
2015-09-08 14:41:00,66.0,0.605022
2015-09-08 14:46:00,57.0,0.000000
2015-09-08 14:51:00,65.0,0.911025
2015-09-08 14:56:00,65.0,0.000000
2015-09-08 15:01:00,64.0,0.802221
2015-09-08 15:06:00,66.0,0.000000
2015-09-08 15:11:00,62.0,0.800682
2015-09-08 15:16:00,65.0,0.000000
2015-09-08 15:21:00,68.0,0.630353
2015-09-08 15:29:00,66.0,0.000000
2015-09-08 16:15:00,62.0,0.875368
2015-09-08 16:36:00,66.0,0.854526
2015-09-08 16:41:00,67.0,0.819906
2015-09-08 16:46:00,63.0,0.000000
2015-09-08 16:51:00,62.0,0.000000
2015-09-08 16:56:00,66.0,0.000000
2015-09-08 17:11:00,58.0,0.778973
2015-09-08 17:16:00,64.0,0.000000
2015-09-08 17:21:00,68.0,0.581142
2015-09-08 17:26:00,68.0,0.000000
2015-09-08 17:31:00,63.0,0.951052
2015-09-08 17:36:00,66.0,0.000000
2015-09-08 17:41:00,65.0,0.803429
2015-09-08 17:46:00,63.0,0.000000
2015-09-08 17:51:00,63.0,0.692964
2015-09-08 17:56:00,61.0,0.000000
2015-09-08 17:57:00,66.0,0.000000
2015-09-08 18:26:00,66.0,0.884498
2015-09-08 18:31:00,65.0,0.780792
2015-09-08 18:36:00,61.0,0.000000
2015-09-08 18:41:00,63.0,0.690559
2015-09-08 18:46:00,65.0,0.000000
2015-09-08 18:51:00,61.0,0.721781
2015-09-08 19:01:00,64.0,0.574928
2015-09-08 19:06:00,67.0,0.000000
2015-09-08 19:11:00,66.0,0.738566
2015-09-08 19:31:00,64.0,0.559392
2015-09-08 19:36:00,62.0,0.000000
2015-09-08 19:46:00,61.0,0.681580
2015-09-08 19:51:00,63.0,0.590713
2015-09-08 20:06:00,66.0,0.524523
2015-09-08 20:16:00,69.0,0.687213
2015-09-08 20:26:00,62.0,0.713046
2015-09-08 20:36:00,65.0,0.712098
2015-09-08 20:46:00,63.0,0.603416
2015-09-08 20:51:00,62.0,0.561271
2015-09-08 21:01:00,64.0,0.016452
2015-09-08 21:06:00,68.0,0.000000
2015-09-08 21:11:00,68.0,0.778332
2015-09-08 21:26:00,62.0,0.569201
2015-09-08 21:31:00,65.0,0.741913
2015-09-08 21:36:00,62.0,0.000000
2015-09-08 21:41:00,62.0,0.661590
2015-09-08 21:46:00,68.0,0.000000
2015-09-08 21:56:00,65.0,0.713251
2015-09-08 22:01:00,65.0,0.546149
2015-09-08 22:06:00,57.0,0.000000
2015-09-08 22:12:00,63.0,0.883174
2015-09-08 22:26:00,58.0,0.716646
2015-09-08 22:36:00,64.0,0.717040
2015-09-08 22:51:00,68.0,0.700678
2015-09-08 22:56:00,55.0,0.000000
2015-09-08 23:01:00,61.0,0.905845
2015-09-08 23:06:00,62.0,0.000000
2015-09-08 23:11:00,65.0,0.936175
2015-09-09 00:01:00,60.0,0.777624
2015-09-09 00:11:00,50.0,0.683135
2015-09-09 00:36:00,61.0,0.876791
2015-09-09 01:01:00,63.0,0.724272
2015-09-09 01:11:00,65.0,0.998533
2015-09-09 01:51:00,62.0,0.793563
2015-09-09 02:06:00,56.0,0.716782
2015-09-09 02:31:00,61.0,0.774693
2015-09-09 02:46:00,66.0,0.662911
2015-09-09 06:04:00,66.0,0.990609
2015-09-09 07:34:00,62.0,0.737877
2015-09-09 09:48:00,64.0,0.768961
2015-09-09 09:58:00,62.0,0.055492
2015-09-09 10:08:00,60.0,0.287010
2015-09-09 10:13:00,65.0,0.622860
2015-09-09 10:18:00,60.0,0.000000
2015-09-09 10:23:00,64.0,0.727447
2015-09-09 10:33:00,66.0,0.770917
2015-09-09 10:38:00,60.0,0.000000
2015-09-09 10:43:00,63.0,0.538722
2015-09-09 10:48:00,64.0,0.000000
2015-09-09 10:53:00,65.0,0.672069
2015-09-09 10:58:00,58.0,0.000000
2015-09-09 11:03:00,61.0,0.586793
2015-09-09 11:08:00,60.0,0.000000
2015-09-09 11:13:00,64.0,0.794834
2015-09-09 11:18:00,67.0,0.000000
2015-09-09 11:28:00,65.0,0.503726
2015-09-09 11:33:00,63.0,0.684680
2015-09-09 11:38:00,62.0,0.000000
2015-09-09 11:43:00,66.0,0.627564
2015-09-09 11:48:00,66.0,0.000000
2015-09-09 11:53:00,61.0,0.707483
2015-09-09 11:58:00,62.0,0.000000
2015-09-09 12:03:00,63.0,0.676809
2015-09-09 12:08:00,60.0,0.000000
2015-09-09 12:13:00,59.0,0.693267
2015-09-09 12:18:00,61.0,0.000000
2015-09-09 12:23:00,62.0,0.595919
2015-09-09 12:28:00,59.0,0.000000
2015-09-09 12:33:00,62.0,0.355500
2015-09-09 12:38:00,65.0,0.000000
2015-09-09 12:43:00,63.0,0.488230
2015-09-09 12:48:00,59.0,0.000000
2015-09-09 12:53:00,67.0,0.624138
2015-09-09 12:58:00,61.0,0.000000
2015-09-09 13:08:00,62.0,0.759531
2015-09-09 13:13:00,65.0,0.764395
2015-09-09 13:18:00,60.0,0.000000
2015-09-09 13:23:00,63.0,0.694297
2015-09-09 13:28:00,61.0,0.000000
2015-09-09 13:33:00,62.0,0.668746
2015-09-09 13:38:00,64.0,0.000000
2015-09-09 13:43:00,67.0,0.498806
2015-09-09 13:53:00,67.0,0.676303
2015-09-09 13:58:00,67.0,0.000000
2015-09-09 14:03:00,65.0,0.526612
2015-09-09 14:08:00,62.0,0.000000
2015-09-09 14:13:00,70.0,0.666235
2015-09-09 14:18:00,66.0,0.000000
2015-09-09 14:23:00,65.0,0.767594
2015-09-09 14:33:00,68.0,0.605041
2015-09-09 14:38:00,62.0,0.000000
2015-09-09 14:43:00,72.0,0.635978
2015-09-09 14:48:00,63.0,0.000000
2015-09-09 14:53:00,64.0,0.853819
2015-09-09 14:58:00,65.0,0.000000
2015-09-09 15:03:00,67.0,0.814182
2015-09-09 15:13:00,63.0,0.669960
2015-09-09 15:18:00,63.0,0.000000
2015-09-09 15:23:00,64.0,0.554829
2015-09-09 15:28:00,63.0,0.000000
2015-09-09 15:33:00,61.0,0.566605
2015-09-09 15:48:00,63.0,0.534488
2015-09-09 15:53:00,65.0,0.762122
2015-09-09 16:08:00,66.0,0.091162
2015-09-09 16:13:00,65.0,0.665981
2015-09-09 16:18:00,65.0,0.000000
2015-09-09 16:28:00,64.0,0.000000
2015-09-09 16:33:00,67.0,0.683116
2015-09-09 16:38:00,66.0,0.000000
2015-09-09 16:43:00,65.0,0.669181
2015-09-09 16:48:00,68.0,0.000000
2015-09-09 16:53:00,65.0,0.513326
2015-09-09 16:58:00,63.0,0.000000
2015-09-09 17:08:00,67.0,0.415821
2015-09-09 17:18:00,62.0,0.534730
2015-09-09 17:23:00,65.0,0.451222
2015-09-09 17:28:00,67.0,0.000000
2015-09-09 17:33:00,67.0,0.665038
2015-09-09 17:38:00,68.0,0.000000
2015-09-09 17:43:00,70.0,0.000000
2015-09-09 17:58:00,69.0,0.485872
2015-09-09 18:03:00,65.0,0.532656
2015-09-09 18:08:00,64.0,0.000000
2015-09-09 18:23:00,69.0,0.615065
2015-09-09 18:28:00,68.0,0.000000
2015-09-09 18:33:00,66.0,0.815253
2015-09-09 18:38:00,67.0,0.000000
2015-09-09 18:48:00,65.0,0.278651
2015-09-09 18:58:00,65.0,0.662671
2015-09-09 19:03:00,67.0,0.157377
2015-09-09 19:08:00,67.0,0.000000
2015-09-09 19:13:00,62.0,0.661914
2015-09-09 19:18:00,64.0,0.000000
2015-09-09 19:23:00,69.0,0.876828
2015-09-09 19:28:00,63.0,0.000000
2015-09-09 19:33:00,67.0,0.665526
2015-09-09 19:43:00,64.0,0.812540
2015-09-09 19:48:00,67.0,0.000000
2015-09-09 19:58:00,62.0,0.347432
2015-09-09 20:23:00,72.0,0.661079
2015-09-09 20:28:00,61.0,0.000000
2015-09-09 20:33:00,61.0,0.810976
2015-09-09 20:38:00,57.0,0.000000
2015-09-09 20:43:00,50.0,0.801496
2015-09-09 20:48:00,59.0,0.000000
2015-09-09 20:58:00,57.0,0.882546
2015-09-09 21:03:00,56.0,0.745211
2015-09-09 21:13:00,61.0,0.999878
2015-09-09 21:18:00,61.0,0.000000
2015-09-09 21:28:00,62.0,0.523643
2015-09-09 21:43:00,63.0,0.659729
2015-09-09 21:48:00,55.0,0.000000
2015-09-09 21:53:00,67.0,0.836379
2015-09-09 21:58:00,59.0,0.000000
2015-09-09 22:03:00,59.0,0.865292
2015-09-09 22:08:00,61.0,0.000000
2015-09-09 22:13:00,58.0,0.796725
2015-09-09 22:23:00,60.0,0.574184
2015-09-09 22:28:00,49.0,0.000000
2015-09-09 22:46:00,62.0,0.650084
2015-09-09 23:18:00,62.0,0.908389
2015-09-09 23:23:00,58.0,0.538292
2015-09-09 23:28:00,58.0,0.000000
2015-09-09 23:33:00,68.0,0.884198
2015-09-09 23:38:00,53.0,0.000000
2015-09-09 23:48:00,56.0,0.935010
2015-09-10 00:03:00,57.0,0.797314
2015-09-10 00:13:00,62.0,0.658696
2015-09-10 00:18:00,54.0,0.000000
2015-09-10 00:23:00,62.0,0.152705
2015-09-10 01:48:00,56.0,0.950613
2015-09-10 01:53:00,70.0,0.883368
2015-09-10 02:08:00,63.0,0.928026
2015-09-10 02:53:00,72.0,0.982772
2015-09-10 03:52:00,58.0,0.962861
2015-09-10 04:34:00,55.0,0.806062
2015-09-10 05:28:00,61.0,0.751966
2015-09-10 05:33:00,66.0,0.657448
2015-09-10 05:33:00,62.0,0.000000
2015-09-10 05:38:00,66.0,0.000000
2015-09-10 05:45:00,66.0,0.611621
2015-09-10 08:00:00,66.0,0.766546
2015-09-10 08:13:00,64.0,0.662011
2015-09-10 08:18:00,63.0,0.000000
2015-09-10 08:23:00,60.0,0.530057
2015-09-10 08:28:00,63.0,0.000000
2015-09-10 08:38:00,62.0,0.609323
2015-09-10 08:43:00,62.0,0.455143
2015-09-10 08:48:00,63.0,0.000000
2015-09-10 08:53:00,65.0,0.364351
2015-09-10 08:58:00,65.0,0.000000
2015-09-10 09:03:00,61.0,0.648482
2015-09-10 09:13:00,64.0,0.656389
2015-09-10 09:18:00,64.0,0.000000
2015-09-10 09:23:00,62.0,0.626353
2015-09-10 09:28:00,60.0,0.000000
2015-09-10 09:33:00,65.0,0.656542
2015-09-10 09:38:00,67.0,0.000000
2015-09-10 09:43:00,63.0,0.660227
2015-09-10 09:48:00,63.0,0.000000
2015-09-10 09:52:00,63.0,0.602638
2015-09-10 09:57:00,68.0,0.000000
2015-09-10 10:02:00,61.0,0.741981
2015-09-10 10:07:00,65.0,0.000000
2015-09-10 10:12:00,65.0,0.601304
2015-09-10 10:17:00,66.0,0.000000
2015-09-10 10:27:00,67.0,0.481406
2015-09-10 10:32:00,65.0,0.750097
2015-09-10 10:37:00,65.0,0.000000
2015-09-10 10:42:00,64.0,0.339581
2015-09-10 10:47:00,62.0,0.000000
2015-09-10 10:52:00,61.0,0.645968
2015-09-10 10:57:00,63.0,0.000000
2015-09-10 11:02:00,64.0,0.303336
2015-09-10 11:07:00,67.0,0.000000
2015-09-10 11:12:00,62.0,0.682667
2015-09-10 11:17:00,63.0,0.000000
2015-09-10 11:22:00,65.0,0.640009
2015-09-10 11:27:00,63.0,0.000000
2015-09-10 11:32:00,63.0,0.454473
2015-09-10 11:37:00,65.0,0.000000
2015-09-10 11:42:00,62.0,0.574847
2015-09-10 11:47:00,62.0,0.000000
2015-09-10 11:52:00,62.0,0.485120
2015-09-10 11:57:00,66.0,0.000000
2015-09-10 12:02:00,64.0,0.421491
2015-09-10 12:12:00,60.0,0.644116
2015-09-10 12:17:00,65.0,0.000000
2015-09-10 12:32:00,65.0,0.690906
2015-09-10 12:37:00,65.0,0.000000
2015-09-10 12:47:00,63.0,0.232084
2015-09-10 12:52:00,59.0,0.627598
2015-09-10 12:57:00,63.0,0.000000
2015-09-10 13:02:00,65.0,0.627500
2015-09-10 13:07:00,61.0,0.000000
2015-09-10 13:12:00,65.0,0.746681
2015-09-10 13:17:00,66.0,0.000000
2015-09-10 13:22:00,62.0,0.684076
2015-09-10 13:32:00,65.0,0.643001
2015-09-10 13:37:00,63.0,0.000000
2015-09-10 13:47:00,62.0,0.319442
2015-09-10 13:52:00,62.0,0.530674
2015-09-10 13:57:00,67.0,0.000000
2015-09-10 14:02:00,70.0,0.503415
2015-09-10 14:07:00,64.0,0.000000
2015-09-10 14:12:00,66.0,0.853220
2015-09-10 14:17:00,69.0,0.000000
2015-09-10 14:27:00,63.0,0.640935
2015-09-10 14:32:00,61.0,0.674921
2015-09-10 14:37:00,64.0,0.000000
2015-09-10 14:47:00,69.0,0.601745
2015-09-10 14:52:00,67.0,0.770921
2015-09-10 14:57:00,63.0,0.000000
2015-09-10 15:02:00,68.0,0.711912
2015-09-10 15:07:00,65.0,0.000000
2015-09-10 15:17:00,65.0,0.587023
2015-09-10 15:22:00,67.0,0.462349
2015-09-10 15:27:00,63.0,0.000000
2015-09-10 15:32:00,65.0,0.453256
2015-09-10 15:37:00,65.0,0.000000
2015-09-10 15:42:00,65.0,0.000000
2015-09-10 15:52:00,66.0,0.743114
2015-09-10 15:57:00,64.0,0.000000
2015-09-10 16:02:00,65.0,0.149855
2015-09-10 16:12:00,66.0,0.641004
2015-09-10 16:17:00,62.0,0.000000
2015-09-10 16:22:00,65.0,0.514635
2015-09-10 16:27:00,62.0,0.000000
2015-09-10 16:32:00,68.0,0.691258
2015-09-10 16:37:00,66.0,0.000000
2015-09-10 16:42:00,68.0,0.351436
2015-09-10 16:52:00,65.0,0.518758
2015-09-10 16:57:00,66.0,0.000000
2015-09-10 17:02:00,64.0,0.459016
2015-09-10 17:07:00,66.0,0.000000
2015-09-10 17:12:00,64.0,0.583888
2015-09-10 17:17:00,65.0,0.000000
2015-09-10 17:22:00,71.0,0.770029
2015-09-10 17:27:00,64.0,0.000000
2015-09-10 17:32:00,66.0,0.638621
2015-09-10 17:37:00,65.0,0.000000
2015-09-10 17:47:00,66.0,0.420729
2015-09-10 17:52:00,64.0,0.476477
2015-09-10 17:57:00,65.0,0.000000
2015-09-10 18:02:00,69.0,0.630001
2015-09-10 18:07:00,66.0,0.000000
2015-09-10 18:12:00,66.0,0.592631
2015-09-10 18:22:00,64.0,0.473842
2015-09-10 18:27:00,65.0,0.000000
2015-09-10 18:32:00,63.0,0.741025
2015-09-10 18:37:00,67.0,0.000000
2015-09-10 18:42:00,64.0,0.457917
2015-09-10 18:57:00,67.0,0.637610
2015-09-10 19:02:00,66.0,0.292925
2015-09-10 19:07:00,69.0,0.000000
2015-09-10 19:12:00,67.0,0.476561
2015-09-10 19:17:00,67.0,0.000000
2015-09-10 19:22:00,67.0,0.000000
2015-09-10 19:27:00,63.0,0.000000
2015-09-10 19:32:00,68.0,0.673694
2015-09-10 19:37:00,65.0,0.000000
2015-09-10 19:42:00,62.0,0.649411
2015-09-10 19:47:00,67.0,0.000000
2015-09-10 19:52:00,70.0,0.632151
2015-09-10 19:57:00,60.0,0.000000
2015-09-10 20:02:00,67.0,0.825336
2015-09-10 20:07:00,65.0,0.000000
2015-09-10 20:12:00,65.0,0.635985
2015-09-10 20:17:00,64.0,0.000000
2015-09-10 20:22:00,65.0,0.274694
2015-09-10 20:28:00,65.0,0.000000
2015-09-10 20:32:00,62.0,0.594351
2015-09-10 20:38:00,62.0,0.000000
2015-09-10 20:52:00,64.0,0.517528
2015-09-10 20:57:00,73.0,0.000000
2015-09-10 21:07:00,65.0,0.623522
2015-09-10 21:12:00,64.0,0.785497
2015-09-10 21:17:00,68.0,0.000000
2015-09-10 21:22:00,65.0,0.360929
2015-09-10 21:37:00,65.0,0.677925
2015-09-10 21:47:00,65.0,0.085403
2015-09-10 21:52:00,62.0,0.667494
2015-09-10 22:12:00,69.0,0.569349
2015-09-10 22:27:00,62.0,0.612337
2015-09-10 22:32:00,65.0,0.620590
2015-09-10 22:52:00,66.0,0.633704
2015-09-10 23:17:00,68.0,0.461644
2015-09-10 23:22:00,59.0,0.838551
2015-09-10 23:32:00,61.0,0.814432
2015-09-10 23:37:00,63.0,0.000000
2015-09-11 00:02:00,60.0,0.801864
2015-09-11 00:27:00,64.0,0.632933
2015-09-11 00:32:00,60.0,0.611642
2015-09-11 00:37:00,57.0,0.000000
2015-09-11 00:52:00,65.0,0.678509
2015-09-11 00:57:00,63.0,0.000000
2015-09-11 01:12:00,62.0,0.637192
2015-09-11 01:57:00,62.0,0.631024
2015-09-11 02:17:00,61.0,0.550179
2015-09-11 03:32:00,62.0,0.734827
2015-09-11 03:42:00,65.0,0.529692
2015-09-11 03:47:00,68.0,0.000000
2015-09-11 03:57:00,61.0,0.616545
2015-09-11 04:32:00,67.0,0.715887
2015-09-11 04:47:00,60.0,0.584431
2015-09-11 04:52:00,59.0,0.508872
2015-09-11 04:57:00,65.0,0.000000
2015-09-11 05:02:00,63.0,0.000000
2015-09-11 05:07:00,66.0,0.000000
2015-09-11 05:12:00,58.0,0.848971
2015-09-11 05:17:00,66.0,0.000000
2015-09-11 05:27:00,67.0,0.628399
2015-09-11 05:32:00,65.0,0.813679
2015-09-11 05:37:00,66.0,0.000000
2015-09-11 05:47:00,67.0,0.277095
2015-09-11 05:52:00,65.0,0.652426
2015-09-11 05:57:00,68.0,0.000000
2015-09-11 06:02:00,66.0,0.444422
2015-09-11 06:07:00,67.0,0.000000
2015-09-11 06:12:00,63.0,0.591298
2015-09-11 06:17:00,69.0,0.000000
2015-09-11 06:22:00,53.0,0.889324
2015-09-11 06:27:00,65.0,0.000000
2015-09-11 06:37:00,64.0,0.887192
2015-09-11 06:42:00,64.0,0.737718
2015-09-11 06:47:00,64.0,0.000000
2015-09-11 06:52:00,65.0,0.626531
2015-09-11 06:57:00,67.0,0.000000
2015-09-11 07:02:00,67.0,0.445062
2015-09-11 07:07:00,63.0,0.000000
2015-09-11 07:12:00,67.0,0.602349
2015-09-11 07:17:00,65.0,0.000000
2015-09-11 07:27:00,63.0,0.594904
2015-09-11 07:32:00,62.0,0.423403
2015-09-11 07:37:00,62.0,0.000000
2015-09-11 07:42:00,64.0,0.516178
2015-09-11 07:52:00,66.0,0.731124
2015-09-11 07:57:00,67.0,0.000000
2015-09-11 08:02:00,65.0,0.580323
2015-09-11 08:07:00,67.0,0.000000
2015-09-11 08:12:00,64.0,0.624985
2015-09-11 08:17:00,66.0,0.000000
2015-09-11 08:22:00,68.0,0.565318
2015-09-11 08:27:00,68.0,0.000000
2015-09-11 08:32:00,62.0,0.776145
2015-09-11 08:37:00,64.0,0.000000
2015-09-11 08:42:00,66.0,0.700883
2015-09-11 08:57:00,66.0,0.570709
2015-09-11 09:02:00,62.0,0.640390
2015-09-11 09:07:00,63.0,0.000000
2015-09-11 09:17:00,65.0,0.569051
2015-09-11 09:22:00,62.0,0.593631
2015-09-11 09:27:00,65.0,0.000000
2015-09-11 09:32:00,58.0,0.805156
2015-09-11 09:37:00,64.0,0.000000
2015-09-11 09:47:00,62.0,0.546075
2015-09-11 09:52:00,65.0,0.651055
2015-09-11 09:57:00,65.0,0.000000
2015-09-11 10:07:00,65.0,0.342172
2015-09-11 10:12:00,61.0,0.671229
2015-09-11 10:17:00,62.0,0.000000
2015-09-11 10:22:00,61.0,0.305077
2015-09-11 10:27:00,63.0,0.000000
2015-09-11 10:29:00,65.0,0.000000
2015-09-11 10:34:00,63.0,0.728968
2015-09-11 10:39:00,64.0,0.000000
2015-09-11 10:44:00,68.0,0.647611
2015-09-11 10:49:00,66.0,0.000000
2015-09-11 10:59:00,65.0,0.710934
2015-09-11 11:09:00,66.0,0.676115
2015-09-11 11:14:00,63.0,0.708378
2015-09-11 11:19:00,61.0,0.000000
2015-09-11 11:24:00,62.0,0.440978
2015-09-11 11:29:00,65.0,0.000000
2015-09-11 11:34:00,61.0,0.693182
2015-09-11 11:39:00,62.0,0.000000
2015-09-11 11:44:00,62.0,0.640140
2015-09-11 11:49:00,63.0,0.000000
2015-09-11 11:54:00,64.0,0.634809
2015-09-11 11:59:00,66.0,0.000000
2015-09-11 12:04:00,64.0,0.135758
2015-09-11 12:09:00,62.0,0.000000
2015-09-11 12:14:00,62.0,0.620361
2015-09-11 12:24:00,65.0,0.496783
2015-09-11 12:34:00,66.0,0.607127
2015-09-11 12:39:00,66.0,0.000000
2015-09-11 12:44:00,63.0,0.417046
2015-09-11 12:54:00,63.0,0.527753
2015-09-11 12:59:00,63.0,0.000000
2015-09-11 13:04:00,67.0,0.569275
2015-09-11 13:09:00,60.0,0.000000
2015-09-11 13:14:00,61.0,0.843805
2015-09-11 13:24:00,62.0,0.793037
2015-09-11 13:29:00,66.0,0.000000
2015-09-11 13:34:00,64.0,0.619624
2015-09-11 13:39:00,66.0,0.000000
2015-09-11 13:44:00,67.0,0.629706
2015-09-11 13:49:00,67.0,0.000000
2015-09-11 13:54:00,67.0,0.200356
2015-09-11 13:59:00,60.0,0.000000
2015-09-11 14:04:00,70.0,0.682778
2015-09-11 14:09:00,63.0,0.000000
2015-09-11 14:14:00,59.0,0.940521
2015-09-11 14:24:00,64.0,0.886563
2015-09-11 14:29:00,65.0,0.000000
2015-09-11 14:34:00,62.0,0.669684
2015-09-11 14:39:00,63.0,0.000000
2015-09-11 14:44:00,62.0,0.545337
2015-09-11 14:54:00,63.0,0.613210
2015-09-11 14:59:00,64.0,0.000000
2015-09-11 15:04:00,62.0,0.000000
2015-09-11 15:09:00,66.0,0.000000
2015-09-11 15:14:00,65.0,0.646107
2015-09-11 15:19:00,65.0,0.000000
2015-09-11 15:24:00,65.0,0.614987
2015-09-11 15:29:00,60.0,0.000000
2015-09-11 15:34:00,64.0,0.585868
2015-09-11 15:39:00,64.0,0.000000
2015-09-11 15:44:00,68.0,0.570211
2015-09-11 15:49:00,64.0,0.000000
2015-09-11 15:54:00,63.0,0.826206
2015-09-11 16:09:00,68.0,0.590192
2015-09-11 16:19:00,65.0,0.482297
2015-09-11 16:24:00,68.0,0.004114
2015-09-11 16:29:00,66.0,0.000000
2015-09-11 16:34:00,68.0,0.650779
2015-09-11 16:44:00,67.0,0.713198
2015-09-11 16:49:00,65.0,0.000000
2015-09-11 16:59:00,63.0,0.453672
2015-09-11 17:04:00,69.0,0.470652
2015-09-11 17:09:00,66.0,0.000000
2015-09-11 17:14:00,68.0,0.813382
2015-09-11 17:19:00,68.0,0.000000
2015-09-11 17:24:00,64.0,0.785765
2015-09-11 17:29:00,68.0,0.000000
2015-09-11 17:34:00,65.0,0.815646
2015-09-11 17:39:00,67.0,0.000000
2015-09-11 17:44:00,67.0,0.844421
2015-09-11 17:49:00,67.0,0.000000
2015-09-11 17:54:00,68.0,0.594139
2015-09-11 17:59:00,70.0,0.000000
2015-09-11 18:04:00,66.0,0.013010
2015-09-11 18:16:00,65.0,0.501620
2015-09-11 18:21:00,69.0,0.784804
2015-09-11 18:26:00,65.0,0.000000
2015-09-11 18:36:00,61.0,0.723688
2015-09-11 18:41:00,62.0,0.561318
2015-09-11 18:46:00,66.0,0.000000
2015-09-11 18:51:00,66.0,0.567367
2015-09-11 18:56:00,70.0,0.000000
2015-09-11 19:01:00,65.0,0.824562
2015-09-11 19:11:00,67.0,0.705676
2015-09-11 19:16:00,64.0,0.000000
2015-09-11 19:21:00,70.0,0.884625
2015-09-11 19:26:00,66.0,0.000000
2015-09-11 19:31:00,66.0,0.764610
2015-09-11 19:41:00,64.0,0.305315
2015-09-11 19:46:00,67.0,0.000000
2015-09-11 19:51:00,70.0,0.477064
2015-09-11 19:56:00,64.0,0.000000
2015-09-11 20:01:00,62.0,0.184739
2015-09-11 20:16:00,64.0,0.837167
2015-09-11 20:21:00,63.0,0.396033
2015-09-11 20:26:00,63.0,0.000000
2015-09-11 20:31:00,62.0,0.615841
2015-09-11 20:46:00,63.0,0.000000
2015-09-11 20:51:00,62.0,0.407252
2015-09-11 21:01:00,68.0,0.458313
2015-09-11 21:21:00,64.0,0.722065
2015-09-11 21:36:00,65.0,0.404622
2015-09-11 21:41:00,65.0,0.305293
2015-09-11 21:46:00,65.0,0.000000
2015-09-11 21:51:00,64.0,0.348379
2015-09-11 22:06:00,60.0,0.173752
2015-09-11 22:11:00,62.0,0.568359
2015-09-11 22:16:00,64.0,0.000000
2015-09-11 22:21:00,63.0,0.580448
2015-09-11 22:31:00,63.0,0.408772
2015-09-11 22:41:00,64.0,0.000000
2015-09-11 22:46:00,64.0,0.000000
2015-09-11 22:51:00,67.0,0.539727
2015-09-11 23:01:00,60.0,0.577180
2015-09-11 23:06:00,65.0,0.000000
2015-09-11 23:11:00,65.0,0.676279
2015-09-11 23:16:00,68.0,0.000000
2015-09-12 00:06:00,61.0,0.719768
2015-09-12 00:11:00,66.0,0.813647
2015-09-12 00:16:00,63.0,0.000000
2015-09-12 00:31:00,59.0,0.590032
2015-09-12 00:36:00,63.0,0.000000
2015-09-12 00:46:00,67.0,0.245534
2015-09-12 01:11:00,74.0,0.829740
2015-09-12 01:16:00,59.0,0.000000
2015-09-12 01:21:00,63.0,0.889903
2015-09-12 01:36:00,63.0,0.997803
2015-09-12 01:41:00,67.0,0.609783
2015-09-12 02:21:00,64.0,0.936556
2015-09-12 02:36:00,66.0,0.718945
2015-09-12 02:46:00,58.0,0.658590
2015-09-12 03:26:00,70.0,0.817189
2015-09-12 03:36:00,67.0,0.673207
2015-09-12 03:51:00,64.0,0.892381
2015-09-12 04:01:00,58.0,0.307735
2015-09-12 04:41:00,62.0,0.917578
2015-09-12 04:56:00,76.0,0.493201
2015-09-12 05:31:00,74.0,0.772881
2015-09-12 05:36:00,69.0,0.000000
2015-09-12 05:41:00,65.0,0.394322
2015-09-12 05:46:00,66.0,0.000000
2015-09-12 05:51:00,75.0,0.904125
2015-09-12 05:56:00,72.0,0.000000
2015-09-12 06:01:00,62.0,0.928899
2015-09-12 06:06:00,63.0,0.000000
2015-09-12 06:11:00,65.0,0.920734
2015-09-12 06:16:00,73.0,0.000000
2015-09-12 06:21:00,71.0,0.818469
2015-09-12 06:26:00,66.0,0.000000
2015-09-12 06:31:00,70.0,0.878989
2015-09-12 06:41:00,68.0,0.635546
2015-09-12 06:46:00,63.0,0.000000
2015-09-12 06:51:00,66.0,0.833015
2015-09-12 07:01:00,68.0,0.703001
2015-09-12 07:06:00,73.0,0.000000
2015-09-12 07:11:00,69.0,0.999406
2015-09-12 07:16:00,55.0,0.000000
2015-09-12 07:26:00,64.0,0.905275
2015-09-12 07:46:00,67.0,0.969630
2015-09-12 07:51:00,72.0,0.877049
2015-09-12 07:56:00,66.0,0.000000
2015-09-12 08:06:00,68.0,0.733482
2015-09-12 08:11:00,68.0,0.625177
2015-09-12 08:16:00,65.0,0.000000
2015-09-12 08:21:00,65.0,0.248279
2015-09-12 08:31:00,66.0,0.937836
2015-09-12 08:41:00,66.0,0.000000
2015-09-12 08:51:00,67.0,0.331845
2015-09-12 08:56:00,64.0,0.000000
2015-09-12 09:01:00,65.0,0.496871
2015-09-12 09:06:00,70.0,0.000000
2015-09-12 09:11:00,65.0,0.822024
2015-09-12 09:16:00,66.0,0.000000
2015-09-12 09:21:00,70.0,0.776295
2015-09-12 09:26:00,65.0,0.000000
2015-09-12 09:31:00,68.0,0.833502
2015-09-12 09:36:00,70.0,0.000000
2015-09-12 09:41:00,65.0,0.804378
2015-09-12 09:51:00,68.0,0.616476
2015-09-12 09:56:00,64.0,0.000000
2015-09-12 10:01:00,67.0,0.805619
2015-09-12 10:06:00,64.0,0.000000
2015-09-12 10:11:00,64.0,0.606099
2015-09-12 10:16:00,65.0,0.000000
2015-09-12 10:21:00,71.0,0.806506
2015-09-12 10:26:00,68.0,0.000000
2015-09-12 10:31:00,63.0,0.806237
2015-09-12 10:36:00,70.0,0.000000
2015-09-12 10:41:00,68.0,0.802529
2015-09-12 10:46:00,62.0,0.000000
2015-09-12 10:51:00,63.0,0.763228
2015-09-12 10:56:00,61.0,0.000000
2015-09-12 11:06:00,63.0,0.756204
2015-09-12 11:11:00,64.0,0.448280
2015-09-12 11:26:00,63.0,0.056694
2015-09-12 11:31:00,69.0,0.858439
2015-09-12 11:36:00,66.0,0.000000
2015-09-12 11:41:00,65.0,0.595206
2015-09-12 11:46:00,64.0,0.000000
2015-09-12 11:51:00,64.0,0.615182
2015-09-12 11:56:00,67.0,0.000000
2015-09-12 12:01:00,65.0,0.574974
2015-09-12 12:06:00,62.0,0.000000
2015-09-12 12:11:00,62.0,0.487930
2015-09-12 12:16:00,63.0,0.000000
2015-09-12 12:21:00,62.0,0.177028
2015-09-12 12:26:00,63.0,0.000000
2015-09-12 12:31:00,66.0,0.572450
2015-09-12 12:36:00,63.0,0.000000
2015-09-12 12:46:00,66.0,0.594148
2015-09-12 12:51:00,66.0,0.177426
2015-09-12 12:56:00,66.0,0.000000
2015-09-12 13:06:00,59.0,0.720257
2015-09-12 13:11:00,65.0,0.875872
2015-09-12 13:16:00,68.0,0.000000
2015-09-12 13:21:00,65.0,0.795219
2015-09-12 13:26:00,66.0,0.000000
2015-09-12 13:31:00,65.0,0.768067
2015-09-12 13:36:00,61.0,0.000000
2015-09-12 13:41:00,64.0,0.752157
2015-09-12 13:46:00,65.0,0.000000
2015-09-12 13:51:00,65.0,0.589602
2015-09-12 14:06:00,65.0,0.368499
2015-09-12 14:11:00,66.0,0.399367
2015-09-12 14:16:00,67.0,0.000000
2015-09-12 14:21:00,65.0,0.568356
2015-09-12 14:26:00,68.0,0.000000
2015-09-12 14:31:00,63.0,0.782340
2015-09-12 14:36:00,66.0,0.000000
2015-09-12 14:41:00,64.0,0.764722
2015-09-12 14:51:00,62.0,0.143769
2015-09-12 14:56:00,65.0,0.000000
2015-09-12 15:01:00,65.0,0.364484
2015-09-12 15:06:00,66.0,0.000000
2015-09-12 15:11:00,61.0,0.764752
2015-09-12 15:16:00,68.0,0.000000
2015-09-12 15:21:00,65.0,0.816946
2015-09-12 15:36:00,68.0,0.685672
2015-09-12 15:46:00,67.0,0.322195
2015-09-12 15:51:00,63.0,0.748455
2015-09-12 16:01:00,69.0,0.565457
2015-09-12 16:06:00,62.0,0.000000
2015-09-12 16:11:00,65.0,0.828146
2015-09-12 16:16:00,74.0,0.000000
2015-09-12 16:21:00,67.0,0.926512
2015-09-12 16:26:00,68.0,0.000000
2015-09-12 16:31:00,68.0,0.824383
2015-09-12 16:36:00,69.0,0.000000
2015-09-12 16:41:00,64.0,0.749584
2015-09-12 16:46:00,67.0,0.000000
2015-09-12 16:51:00,66.0,0.764288
2015-09-12 16:56:00,69.0,0.000000
2015-09-12 17:01:00,67.0,0.561360
2015-09-12 17:06:00,66.0,0.000000
2015-09-12 17:11:00,64.0,0.586836
2015-09-12 17:16:00,61.0,0.000000
2015-09-12 17:21:00,67.0,0.872921
2015-09-12 17:26:00,65.0,0.000000
2015-09-12 17:31:00,66.0,0.824159
2015-09-12 17:36:00,57.0,0.000000
2015-09-12 17:41:00,66.0,0.903559
2015-09-12 17:46:00,66.0,0.000000
2015-09-12 17:51:00,68.0,0.858719
2015-09-12 17:56:00,64.0,0.000000
2015-09-12 18:01:00,65.0,0.467530
2015-09-12 18:06:00,66.0,0.000000
2015-09-12 18:11:00,65.0,0.785817
2015-09-12 18:16:00,67.0,0.000000
2015-09-12 18:21:00,62.0,0.752877
2015-09-12 18:26:00,66.0,0.000000
2015-09-12 18:31:00,66.0,0.753998
2015-09-12 18:46:00,64.0,0.341485
2015-09-12 18:56:00,71.0,0.617623
2015-09-12 19:01:00,67.0,0.794139
2015-09-12 19:11:00,65.0,0.754392
2015-09-12 19:21:00,63.0,0.017973
2015-09-12 19:31:00,68.0,0.422787
2015-09-12 19:36:00,66.0,0.000000
2015-09-12 19:41:00,60.0,0.783951
2015-09-12 19:46:00,61.0,0.000000
2015-09-12 19:51:00,67.0,0.870881
2015-09-12 20:01:00,66.0,0.687156
2015-09-12 20:11:00,62.0,0.555439
2015-09-12 20:21:00,65.0,0.422244
2015-09-12 20:26:00,63.0,0.000000
2015-09-12 20:31:00,66.0,0.645018
2015-09-12 20:36:00,64.0,0.000000
2015-09-12 20:41:00,64.0,0.491394
2015-09-12 20:46:00,68.0,0.000000
2015-09-12 20:51:00,64.0,0.766730
2015-09-12 21:01:00,66.0,0.545441
2015-09-12 21:06:00,63.0,0.000000
2015-09-12 21:16:00,65.0,0.705525
2015-09-12 21:21:00,64.0,0.443757
2015-09-12 21:26:00,68.0,0.000000
2015-09-12 21:36:00,64.0,0.741902
2015-09-12 21:41:00,62.0,0.573943
2015-09-12 21:46:00,63.0,0.000000
2015-09-12 21:51:00,61.0,0.575114
2015-09-12 21:56:00,68.0,0.000000
2015-09-12 22:01:00,61.0,0.859604
2015-09-12 22:06:00,65.0,0.000000
2015-09-12 22:16:00,64.0,0.797628
2015-09-12 22:26:00,64.0,0.411708
2015-09-12 22:36:00,71.0,0.584489
2015-09-12 22:41:00,63.0,0.923267
2015-09-12 22:46:00,62.0,0.000000
2015-09-12 22:51:00,67.0,0.870017
2015-09-12 22:56:00,62.0,0.000000
2015-09-12 23:01:00,59.0,0.746025
2015-09-12 23:06:00,67.0,0.000000
2015-09-12 23:16:00,61.0,0.772173
2015-09-12 23:21:00,61.0,0.492369
2015-09-12 23:31:00,76.0,0.775813
2015-09-12 23:41:00,63.0,0.788855
2015-09-12 23:46:00,59.0,0.000000
2015-09-12 23:51:00,61.0,0.998664
2015-09-12 23:56:00,60.0,0.000000
2015-09-13 00:01:00,68.0,0.922852
2015-09-13 00:11:00,65.0,0.870503
2015-09-13 00:16:00,65.0,0.000000
2015-09-13 00:26:00,64.0,0.572207
2015-09-13 00:31:00,66.0,0.865136
2015-09-13 00:56:00,60.0,0.509415
2015-09-13 01:31:00,60.0,0.684917
2015-09-13 01:41:00,59.0,0.329910
2015-09-13 02:01:00,51.0,0.468370
2015-09-13 02:06:00,61.0,0.000000
2015-09-13 02:11:00,71.0,0.853126
2015-09-13 02:56:00,62.0,0.776797
2015-09-13 03:01:00,67.0,0.840954
2015-09-13 03:11:00,64.0,0.973963
2015-09-13 05:06:00,62.0,0.900641
2015-09-13 05:11:00,71.0,0.865658
2015-09-13 05:26:00,60.0,0.772012
2015-09-13 05:56:00,61.0,0.823060
2015-09-13 06:01:00,60.0,0.318422
2015-09-13 06:06:00,70.0,0.000000
2015-09-13 06:21:00,67.0,0.759594
2015-09-13 06:26:00,61.0,0.000000
2015-09-13 06:36:00,72.0,0.864264
2015-09-13 06:46:00,66.0,0.819522
2015-09-13 06:51:00,66.0,0.800631
2015-09-13 06:56:00,65.0,0.000000
2015-09-13 07:01:00,53.0,0.920844
2015-09-13 07:11:00,67.0,0.863644
2015-09-13 07:16:00,61.0,0.000000
2015-09-13 07:21:00,64.0,0.848296
2015-09-13 07:26:00,64.0,0.000000
2015-09-13 07:31:00,62.0,0.731748
2015-09-13 07:36:00,65.0,0.000000
2015-09-13 07:46:00,62.0,0.684486
2015-09-13 07:56:00,66.0,0.773646
2015-09-13 08:01:00,66.0,0.463755
2015-09-13 08:06:00,63.0,0.000000
2015-09-13 08:16:00,64.0,0.424844
2015-09-13 08:31:00,68.0,0.899384
2015-09-13 08:36:00,66.0,0.000000
2015-09-13 08:41:00,70.0,0.627106
2015-09-13 08:46:00,64.0,0.000000
2015-09-13 08:51:00,62.0,0.567631
2015-09-13 08:56:00,65.0,0.000000
2015-09-13 09:01:00,65.0,0.374056
2015-09-13 09:06:00,65.0,0.000000
2015-09-13 09:11:00,63.0,0.678716
2015-09-13 09:16:00,67.0,0.000000
2015-09-13 09:26:00,65.0,0.596774
2015-09-13 09:31:00,66.0,0.685339
2015-09-13 09:36:00,66.0,0.000000
2015-09-13 09:41:00,70.0,0.683522
2015-09-13 09:46:00,63.0,0.000000
2015-09-13 09:51:00,66.0,0.812848
2015-09-13 09:56:00,70.0,0.000000
2015-09-13 10:06:00,65.0,0.726323
2015-09-13 10:11:00,63.0,0.698948
2015-09-13 10:16:00,66.0,0.000000
2015-09-13 10:31:00,62.0,0.697334
2015-09-13 10:36:00,64.0,0.000000
2015-09-13 10:41:00,69.0,0.681156
2015-09-13 10:46:00,68.0,0.000000
2015-09-13 10:51:00,64.0,0.778969
2015-09-13 10:56:00,66.0,0.000000
2015-09-13 11:06:00,66.0,0.677726
2015-09-13 11:11:00,64.0,0.550816
2015-09-13 11:16:00,67.0,0.000000
2015-09-13 11:21:00,66.0,0.528614
2015-09-13 11:31:00,65.0,0.253664
2015-09-13 11:36:00,62.0,0.000000
2015-09-13 11:41:00,67.0,0.858397
2015-09-13 11:46:00,61.0,0.000000
2015-09-13 11:51:00,67.0,0.883857
2015-09-13 11:56:00,66.0,0.000000
2015-09-13 12:01:00,62.0,0.747559
2015-09-13 12:06:00,63.0,0.000000
2015-09-13 12:11:00,66.0,0.615101
2015-09-13 12:16:00,66.0,0.000000
2015-09-13 12:21:00,63.0,0.607815
2015-09-13 12:26:00,66.0,0.000000
2015-09-13 12:31:00,65.0,0.685184
2015-09-13 12:41:00,63.0,0.171006
2015-09-13 12:46:00,63.0,0.000000
2015-09-13 12:48:00,63.0,0.000000
2015-09-13 12:53:00,58.0,0.494519
2015-09-13 12:58:00,65.0,0.000000
2015-09-13 13:03:00,64.0,0.789357
2015-09-13 13:08:00,65.0,0.000000
2015-09-13 13:13:00,64.0,0.696909
2015-09-13 13:18:00,64.0,0.000000
2015-09-13 13:23:00,62.0,0.185778
2015-09-13 13:28:00,63.0,0.000000
2015-09-13 13:33:00,69.0,0.664260
2015-09-13 13:43:00,66.0,0.732959
2015-09-13 13:48:00,61.0,0.000000
2015-09-13 13:53:00,67.0,0.626255
2015-09-13 13:58:00,63.0,0.000000
2015-09-13 14:03:00,67.0,0.527075
2015-09-13 14:13:00,59.0,0.754670
2015-09-13 14:18:00,61.0,0.000000
2015-09-13 14:23:00,70.0,0.862803
2015-09-13 14:28:00,65.0,0.000000
2015-09-13 14:38:00,65.0,0.834203
2015-09-13 14:43:00,66.0,0.741256
2015-09-13 14:48:00,63.0,0.000000
2015-09-13 14:58:00,67.0,0.338547
2015-09-13 15:03:00,65.0,0.347165
2015-09-13 15:08:00,63.0,0.000000
2015-09-13 15:13:00,68.0,0.507021
2015-09-13 15:18:00,68.0,0.000000
2015-09-13 15:23:00,64.0,0.673717
2015-09-13 15:28:00,69.0,0.000000
2015-09-13 15:33:00,64.0,0.454647
2015-09-13 15:38:00,65.0,0.000000
2015-09-13 15:48:00,64.0,0.564874
2015-09-13 15:53:00,63.0,0.694353
2015-09-13 15:58:00,64.0,0.000000
2015-09-13 16:03:00,61.0,0.000000
2015-09-13 16:08:00,62.0,0.000000
2015-09-13 16:13:00,64.0,0.520221
2015-09-13 16:18:00,66.0,0.000000
2015-09-13 16:23:00,63.0,0.525269
2015-09-13 16:28:00,68.0,0.000000
2015-09-13 16:33:00,68.0,0.535432
2015-09-13 16:38:00,65.0,0.000000
2015-09-13 16:43:00,64.0,0.522549
2015-09-13 17:03:00,67.0,0.508827
2015-09-13 17:08:00,69.0,0.000000
2015-09-13 17:13:00,63.0,0.519481
2015-09-13 17:18:00,68.0,0.000000
2015-09-13 17:23:00,69.0,0.842349
2015-09-13 17:28:00,63.0,0.000000
2015-09-13 17:33:00,64.0,0.530409
2015-09-13 17:38:00,64.0,0.000000
2015-09-13 17:48:00,62.0,0.459723
2015-09-13 17:53:00,64.0,0.427052
2015-09-13 17:58:00,68.0,0.000000
2015-09-13 18:08:00,65.0,0.201964
2015-09-13 18:13:00,66.0,0.691653
2015-09-13 18:18:00,66.0,0.000000
2015-09-13 18:23:00,63.0,0.472620
2015-09-13 18:28:00,63.0,0.000000
2015-09-13 18:33:00,65.0,0.692356
2015-09-13 18:38:00,67.0,0.000000
2015-09-13 18:48:00,63.0,0.366436
2015-09-13 18:53:00,67.0,0.454569
2015-09-13 18:58:00,69.0,0.000000
2015-09-13 19:03:00,63.0,0.621305
2015-09-13 19:08:00,63.0,0.000000
2015-09-13 19:18:00,64.0,0.770672
2015-09-13 19:23:00,66.0,0.576365
2015-09-13 19:28:00,68.0,0.000000
2015-09-13 19:33:00,67.0,0.555961
2015-09-13 19:38:00,62.0,0.000000
2015-09-13 19:48:00,66.0,0.304704
2015-09-13 19:53:00,66.0,0.736011
2015-09-13 19:58:00,64.0,0.000000
2015-09-13 20:08:00,64.0,0.091750
2015-09-13 20:13:00,64.0,0.741612
2015-09-13 20:18:00,66.0,0.000000
2015-09-13 20:23:00,63.0,0.000000
2015-09-13 20:28:00,70.0,0.000000
2015-09-13 20:33:00,65.0,0.399788
2015-09-13 20:43:00,64.0,0.523312
2015-09-13 20:53:00,61.0,0.520567
2015-09-13 21:03:00,62.0,0.381650
2015-09-13 21:18:00,70.0,0.692019
2015-09-13 21:23:00,65.0,0.549196
2015-09-13 21:28:00,68.0,0.000000
2015-09-13 21:33:00,68.0,0.568489
2015-09-13 21:38:00,61.0,0.000000
2015-09-13 21:43:00,65.0,0.409775
2015-09-13 21:48:00,62.0,0.000000
2015-09-13 22:08:00,63.0,0.868712
2015-09-13 22:13:00,66.0,0.344822
2015-09-13 22:18:00,61.0,0.000000
2015-09-13 22:33:00,66.0,0.557432
2015-09-13 22:38:00,70.0,0.000000
2015-09-13 22:48:00,58.0,0.512293
2015-09-13 22:53:00,77.0,0.865648
2015-09-13 22:58:00,66.0,0.000000
2015-09-13 23:08:00,64.0,0.941368
2015-09-13 23:28:00,60.0,0.919537
2015-09-13 23:38:00,65.0,0.403731
2015-09-13 23:43:00,61.0,0.515680
2015-09-13 23:48:00,60.0,0.000000
2015-09-13 23:53:00,63.0,0.831885
2015-09-14 00:18:00,62.0,0.576122
2015-09-14 00:43:00,53.0,0.659547
2015-09-14 00:53:00,66.0,0.865783
2015-09-14 00:58:00,66.0,0.000000
2015-09-14 01:08:00,57.0,0.825787
2015-09-14 01:28:00,64.0,0.818840
2015-09-14 02:03:00,67.0,0.905974
2015-09-14 02:28:00,64.0,0.457783
2015-09-14 02:43:00,64.0,0.689603
2015-09-14 02:48:00,66.0,0.000000
2015-09-14 02:58:00,65.0,0.000000
2015-09-14 03:08:00,57.0,0.515897
2015-09-14 03:13:00,63.0,0.821559
2015-09-14 03:23:00,61.0,0.577643
2015-09-14 03:48:00,73.0,0.730553
2015-09-14 04:13:00,73.0,0.723236
2015-09-14 04:23:00,59.0,0.753004
2015-09-14 04:28:00,61.0,0.000000
2015-09-14 04:43:00,65.0,0.930466
2015-09-14 04:48:00,64.0,0.000000
2015-09-14 04:53:00,69.0,0.789343
2015-09-14 04:58:00,64.0,0.000000
2015-09-14 05:03:00,62.0,0.748396
2015-09-14 05:08:00,60.0,0.000000
2015-09-14 05:18:00,67.0,0.686173
2015-09-14 05:23:00,66.0,0.295412
2015-09-14 05:28:00,71.0,0.000000
2015-09-14 05:33:00,67.0,0.765494
2015-09-14 05:38:00,65.0,0.000000
2015-09-14 05:43:00,67.0,0.417429
2015-09-14 05:48:00,62.0,0.000000
2015-09-14 05:53:00,69.0,0.942085
2015-09-14 05:58:00,67.0,0.000000
2015-09-14 06:03:00,66.0,0.677173
2015-09-14 06:08:00,64.0,0.000000
2015-09-14 06:13:00,65.0,0.555725
2015-09-14 06:18:00,65.0,0.000000
2015-09-14 06:23:00,61.0,0.516194
2015-09-14 06:28:00,66.0,0.000000
2015-09-14 06:33:00,64.0,0.535069
2015-09-14 06:38:00,64.0,0.000000
2015-09-14 06:43:00,63.0,0.531351
2015-09-14 06:48:00,69.0,0.000000
2015-09-14 06:53:00,64.0,0.000000
2015-09-14 06:58:00,66.0,0.000000
2015-09-14 07:03:00,67.0,0.535876
2015-09-14 07:08:00,64.0,0.000000
2015-09-14 07:13:00,64.0,0.819456
2015-09-14 07:18:00,65.0,0.000000
2015-09-14 07:23:00,65.0,0.105166
2015-09-14 07:28:00,59.0,0.000000
2015-09-14 07:33:00,68.0,0.457334
2015-09-14 07:38:00,66.0,0.000000
2015-09-14 07:43:00,67.0,0.692428
2015-09-14 07:48:00,66.0,0.000000
2015-09-14 07:53:00,66.0,0.696289
2015-09-14 07:58:00,63.0,0.000000
2015-09-14 08:03:00,57.0,0.597373
2015-09-14 08:08:00,53.0,0.000000
2015-09-14 08:13:00,53.0,0.604553
2015-09-14 08:18:00,57.0,0.000000
2015-09-14 08:23:00,65.0,0.854213
2015-09-14 08:38:00,64.0,0.918530
2015-09-14 08:43:00,64.0,0.721835
2015-09-14 08:48:00,59.0,0.000000
2015-09-14 08:53:00,63.0,0.753957
2015-09-14 08:58:00,68.0,0.000000
2015-09-14 09:03:00,64.0,0.451053
2015-09-14 09:08:00,62.0,0.000000
2015-09-14 09:13:00,61.0,0.925882
2015-09-14 09:18:00,66.0,0.000000
2015-09-14 09:23:00,62.0,0.108421
2015-09-14 09:28:00,66.0,0.000000
2015-09-14 09:33:00,61.0,0.857203
2015-09-14 09:43:00,66.0,0.691123
2015-09-14 09:48:00,64.0,0.000000
2015-09-14 09:53:00,63.0,0.732797
2015-09-14 09:58:00,60.0,0.000000
2015-09-14 10:03:00,63.0,0.304092
2015-09-14 10:08:00,65.0,0.000000
2015-09-14 10:13:00,65.0,0.343254
2015-09-14 10:18:00,65.0,0.000000
2015-09-14 10:23:00,61.0,0.514488
2015-09-14 10:28:00,60.0,0.000000
2015-09-14 10:33:00,64.0,0.684275
2015-09-14 10:38:00,59.0,0.000000
2015-09-14 10:43:00,64.0,0.484203
2015-09-14 10:48:00,64.0,0.000000
2015-09-14 10:53:00,66.0,0.444145
2015-09-14 10:58:00,64.0,0.000000
2015-09-14 11:03:00,65.0,0.389218
2015-09-14 11:08:00,62.0,0.000000
2015-09-14 11:13:00,61.0,0.636597
2015-09-14 11:18:00,61.0,0.000000
2015-09-14 11:28:00,58.0,0.184169
2015-09-14 11:33:00,66.0,0.612338
2015-09-14 11:38:00,63.0,0.000000
2015-09-14 11:43:00,60.0,0.815791
2015-09-14 11:48:00,61.0,0.000000
2015-09-14 11:53:00,60.0,0.762059
2015-09-14 11:58:00,63.0,0.000000
2015-09-14 12:03:00,63.0,0.529530
2015-09-14 12:13:00,61.0,0.450269
2015-09-14 12:18:00,62.0,0.000000
2015-09-14 12:23:00,63.0,0.376499
2015-09-14 12:28:00,64.0,0.000000
2015-09-14 12:33:00,63.0,0.482974
2015-09-14 12:43:00,61.0,0.186547
2015-09-14 12:48:00,64.0,0.000000
2015-09-14 12:53:00,60.0,0.317824
2015-09-14 12:58:00,63.0,0.000000
2015-09-14 13:03:00,65.0,0.587930
2015-09-14 13:08:00,61.0,0.000000
2015-09-14 13:13:00,64.0,0.683240
2015-09-14 13:15:00,64.0,0.000000
2015-09-14 13:20:00,58.0,0.833331
2015-09-14 13:30:00,62.0,0.700774
2015-09-14 13:35:00,62.0,0.000000
2015-09-14 13:40:00,60.0,0.505863
2015-09-14 13:45:00,61.0,0.000000
2015-09-14 13:50:00,65.0,0.656901
2015-09-14 13:55:00,65.0,0.000000
2015-09-14 14:00:00,65.0,0.521645
2015-09-14 14:05:00,57.0,0.000000
2015-09-14 14:10:00,65.0,0.929952
2015-09-14 14:15:00,66.0,0.000000
2015-09-14 14:20:00,66.0,0.887801
2015-09-14 14:25:00,66.0,0.000000
2015-09-14 14:30:00,68.0,0.589056
2015-09-14 14:35:00,65.0,0.000000
2015-09-14 14:40:00,59.0,0.718959
2015-09-14 14:45:00,65.0,0.000000
2015-09-14 15:05:00,64.0,0.843139
2015-09-14 15:10:00,65.0,0.834865
2015-09-14 15:15:00,67.0,0.000000
2015-09-14 15:20:00,64.0,0.739969
2015-09-14 15:30:00,63.0,0.636064
2015-09-14 15:35:00,65.0,0.000000
2015-09-14 15:40:00,63.0,0.567797
2015-09-14 15:45:00,61.0,0.000000
2015-09-14 15:50:00,63.0,0.700312
2015-09-14 15:55:00,64.0,0.000000
2015-09-14 16:05:00,64.0,0.522602
2015-09-14 16:10:00,61.0,0.650843
2015-09-14 16:15:00,63.0,0.000000
2015-09-14 16:20:00,62.0,0.680978
2015-09-14 16:30:00,61.0,0.355016
2015-09-14 16:35:00,65.0,0.000000
2015-09-14 16:40:00,64.0,0.639726
2015-09-14 16:45:00,66.0,0.000000
2015-09-14 16:50:00,62.0,0.849949
2015-09-14 16:55:00,65.0,0.000000
2015-09-14 17:00:00,62.0,0.859420
2015-09-14 17:05:00,63.0,0.000000
2015-09-14 17:10:00,61.0,0.751048
2015-09-14 17:15:00,65.0,0.000000
2015-09-14 17:20:00,66.0,0.523418
2015-09-14 17:25:00,68.0,0.000000
2015-09-14 17:30:00,64.0,0.769287
2015-09-14 17:35:00,68.0,0.000000
2015-09-14 17:40:00,64.0,0.911597
2015-09-14 17:45:00,65.0,0.000000
2015-09-14 17:50:00,69.0,0.766865
2015-09-14 17:55:00,64.0,0.000000
2015-09-14 18:00:00,60.0,0.534380
2015-09-14 18:05:00,62.0,0.000000
2015-09-14 18:10:00,61.0,0.826399
2015-09-14 18:20:00,64.0,0.045939
2015-09-14 18:25:00,61.0,0.000000
2015-09-14 18:30:00,68.0,0.863976
2015-09-14 18:35:00,62.0,0.000000
2015-09-14 18:40:00,62.0,0.884717
2015-09-14 18:45:00,64.0,0.000000
2015-09-14 18:50:00,66.0,0.623179
2015-09-14 18:55:00,65.0,0.000000
2015-09-14 19:01:00,62.0,0.494739
2015-09-14 19:05:00,61.0,0.000000
2015-09-14 19:10:00,66.0,0.858177
2015-09-14 19:15:00,64.0,0.000000
2015-09-14 19:20:00,65.0,0.798586
2015-09-14 19:25:00,68.0,0.000000
2015-09-14 19:30:00,68.0,0.493129
2015-09-14 19:40:00,62.0,0.511337
2015-09-14 19:45:00,62.0,0.000000
2015-09-14 19:55:00,63.0,0.812662
2015-09-14 20:00:00,61.0,0.492439
2015-09-14 20:05:00,61.0,0.000000
2015-09-14 20:10:00,64.0,0.754197
2015-09-14 20:15:00,60.0,0.000000
2015-09-14 20:20:00,63.0,0.852501
2015-09-14 20:30:00,63.0,0.673452
2015-09-14 20:35:00,61.0,0.000000
2015-09-14 20:45:00,58.0,0.000000
2015-09-14 20:50:00,61.0,0.791675
2015-09-14 20:55:00,63.0,0.000000
2015-09-14 21:05:00,61.0,0.551618
2015-09-14 21:10:00,61.0,0.676897
2015-09-14 21:15:00,66.0,0.000000
2015-09-14 21:20:00,62.0,0.858122
2015-09-14 21:30:00,56.0,0.775708
2015-09-14 21:35:00,64.0,0.000000
2015-09-14 21:40:00,67.0,0.497455
2015-09-14 21:45:00,64.0,0.000000
2015-09-14 21:55:00,60.0,0.959480
2015-09-14 22:06:00,64.0,0.658055
2015-09-14 22:11:00,66.0,0.946213
2015-09-14 22:21:00,70.0,0.374284
2015-09-14 22:25:00,61.0,0.000000
2015-09-14 22:30:00,63.0,0.855212
2015-09-14 22:35:00,56.0,0.000000
2015-09-14 22:40:00,61.0,0.983924
2015-09-14 23:01:00,68.0,0.817239
2015-09-14 23:11:00,65.0,0.887544
2015-09-14 23:15:00,59.0,0.000000
2015-09-14 23:21:00,66.0,0.881043
2015-09-14 23:41:00,62.0,0.804320
2015-09-14 23:46:00,70.0,0.000000
2015-09-14 23:51:00,59.0,0.918301
2015-09-15 00:16:00,63.0,0.783712
2015-09-15 00:56:00,67.0,0.652673
2015-09-15 01:25:00,63.0,0.436141
2015-09-15 01:30:00,71.0,0.856405
2015-09-15 01:40:00,63.0,0.761973
2015-09-15 02:01:00,73.0,0.796480
2015-09-15 02:06:00,53.0,0.000000
2015-09-15 02:56:00,58.0,0.948690
2015-09-15 03:01:00,54.0,0.605508
2015-09-15 03:25:00,63.0,0.999308
2015-09-15 03:30:00,65.0,0.377034
2015-09-15 03:35:00,54.0,0.000000
2015-09-15 03:45:00,72.0,0.971390
2015-09-15 03:55:00,64.0,0.935592
2015-09-15 04:01:00,70.0,0.856786
2015-09-15 04:06:00,65.0,0.000000
2015-09-15 04:10:00,59.0,0.879186
2015-09-15 04:16:00,59.0,0.000000
2015-09-15 04:26:00,66.0,0.814061
2015-09-15 04:31:00,60.0,0.987793
2015-09-15 04:35:00,62.0,0.000000
2015-09-15 04:41:00,66.0,0.663843
2015-09-15 04:46:00,63.0,0.000000
2015-09-15 04:55:00,65.0,0.690878
2015-09-15 05:01:00,66.0,0.019202
2015-09-15 05:05:00,61.0,0.000000
2015-09-15 05:10:00,62.0,0.756563
2015-09-15 05:15:00,61.0,0.000000
2015-09-15 05:20:00,63.0,0.788478
2015-09-15 05:26:00,67.0,0.000000
2015-09-15 05:31:00,62.0,0.804790
2015-09-15 05:36:00,62.0,0.000000
2015-09-15 05:41:00,66.0,0.826544
2015-09-15 05:46:00,66.0,0.000000
2015-09-15 05:51:00,62.0,0.972459
2015-09-15 05:55:00,68.0,0.000000
2015-09-15 06:00:00,62.0,0.958630
2015-09-15 06:10:00,63.0,0.770381
2015-09-15 06:16:00,64.0,0.000000
2015-09-15 06:20:00,64.0,0.109595
2015-09-15 06:25:00,63.0,0.000000
2015-09-15 06:30:00,64.0,0.436795
2015-09-15 06:35:00,61.0,0.000000
2015-09-15 06:41:00,66.0,0.849274
2015-09-15 06:45:00,66.0,0.000000
2015-09-15 06:50:00,65.0,0.509203
2015-09-15 06:55:00,63.0,0.000000
2015-09-15 07:00:00,63.0,0.442229
2015-09-15 07:11:00,58.0,0.776965
2015-09-15 07:16:00,67.0,0.000000
2015-09-15 07:21:00,62.0,0.807989
2015-09-15 07:26:00,63.0,0.000000
2015-09-15 07:31:00,61.0,0.782556
2015-09-15 07:36:00,62.0,0.000000
2015-09-15 07:41:00,63.0,0.308442
2015-09-15 07:46:00,65.0,0.000000
2015-09-15 07:51:00,62.0,0.693515
2015-09-15 07:56:00,65.0,0.000000
2015-09-15 08:06:00,63.0,0.670505
2015-09-15 08:11:00,63.0,0.000000
2015-09-15 08:16:00,63.0,0.000000
2015-09-15 08:21:00,62.0,0.178261
2015-09-15 08:26:00,66.0,0.000000
2015-09-15 08:31:00,61.0,0.867602
2015-09-15 08:41:00,63.0,0.492203
2015-09-15 08:46:00,67.0,0.000000
2015-09-15 08:51:00,67.0,0.496960
2015-09-15 08:56:00,64.0,0.000000
2015-09-15 09:01:00,57.0,0.749088
2015-09-15 09:06:00,64.0,0.000000
2015-09-15 09:11:00,61.0,0.846774
2015-09-15 09:16:00,64.0,0.000000
2015-09-15 09:21:00,64.0,0.442231
2015-09-15 09:26:00,61.0,0.000000
2015-09-15 09:31:00,60.0,0.715456
2015-09-15 09:36:00,63.0,0.000000
2015-09-15 09:41:00,62.0,0.440150
2015-09-15 09:46:00,63.0,0.000000
2015-09-15 09:51:00,62.0,0.510636
2015-09-15 09:56:00,63.0,0.000000
2015-09-15 10:01:00,61.0,0.487533
2015-09-15 10:06:00,60.0,0.000000
2015-09-15 10:11:00,61.0,0.455945
2015-09-15 10:16:00,66.0,0.000000
2015-09-15 10:21:00,62.0,0.734022
2015-09-15 10:26:00,63.0,0.000000
2015-09-15 10:31:00,63.0,0.674475
2015-09-15 10:36:00,65.0,0.000000
2015-09-15 10:41:00,63.0,0.485335
2015-09-15 10:46:00,65.0,0.000000
2015-09-15 10:51:00,66.0,0.301994
2015-09-15 10:56:00,67.0,0.000000
2015-09-15 11:01:00,64.0,0.549794
2015-09-15 11:06:00,63.0,0.000000
2015-09-15 11:11:00,58.0,0.737718
2015-09-15 11:16:00,64.0,0.000000
2015-09-15 11:21:00,63.0,0.584162
2015-09-15 11:26:00,66.0,0.000000
2015-09-15 11:31:00,64.0,0.768762
2015-09-15 11:36:00,62.0,0.000000
2015-09-15 11:41:00,63.0,0.480378
2015-09-15 11:46:00,62.0,0.000000
2015-09-15 11:51:00,64.0,0.579790
2015-09-15 11:56:00,67.0,0.000000
2015-09-15 12:01:00,64.0,0.699477
2015-09-15 12:06:00,62.0,0.000000
2015-09-15 12:11:00,61.0,0.505262
2015-09-15 12:21:00,61.0,0.184641
2015-09-15 12:26:00,64.0,0.000000
2015-09-15 12:31:00,66.0,0.308697
2015-09-15 12:36:00,60.0,0.000000
2015-09-15 12:41:00,62.0,0.537449
2015-09-15 12:46:00,65.0,0.000000
2015-09-15 12:51:00,64.0,0.592348
2015-09-15 12:56:00,61.0,0.000000
2015-09-15 13:01:00,62.0,0.480494
2015-09-15 13:06:00,64.0,0.000000
2015-09-15 13:11:00,62.0,0.688834
2015-09-15 13:16:00,60.0,0.000000
2015-09-15 13:21:00,65.0,0.850722
2015-09-15 13:26:00,62.0,0.000000
2015-09-15 13:31:00,66.0,0.797969
2015-09-15 13:36:00,63.0,0.000000
2015-09-15 13:41:00,65.0,0.635268
2015-09-15 13:46:00,63.0,0.000000
2015-09-15 13:51:00,62.0,0.311354
2015-09-15 13:54:00,62.0,0.000000
2015-09-15 13:59:00,61.0,0.000000
2015-09-15 14:04:00,63.0,0.000000
2015-09-15 14:09:00,64.0,0.000000
2015-09-15 14:14:00,67.0,0.161301
2015-09-15 14:19:00,68.0,0.000000
2015-09-15 14:24:00,66.0,0.488511
2015-09-15 14:29:00,62.0,0.000000
2015-09-15 14:39:00,63.0,0.506975
2015-09-15 14:44:00,63.0,0.072971
2015-09-15 14:49:00,62.0,0.000000
2015-09-15 14:54:00,63.0,0.268457
2015-09-15 14:59:00,62.0,0.000000
2015-09-15 15:04:00,61.0,0.370543
2015-09-15 15:09:00,65.0,0.000000
2015-09-15 15:14:00,66.0,0.802116
2015-09-15 15:19:00,65.0,0.000000
2015-09-15 15:24:00,63.0,0.479478
2015-09-15 15:29:00,63.0,0.000000
2015-09-15 15:34:00,62.0,0.332554
2015-09-15 15:39:00,65.0,0.000000
2015-09-15 15:44:00,65.0,0.577950
2015-09-15 15:49:00,65.0,0.000000
2015-09-15 15:54:00,60.0,0.666467
2015-09-15 15:59:00,63.0,0.000000
2015-09-15 16:04:00,63.0,0.845838
2015-09-15 16:09:00,64.0,0.000000
2015-09-15 16:14:00,63.0,0.727512
2015-09-15 16:19:00,63.0,0.000000
2015-09-15 16:24:00,62.0,0.249142
2015-09-15 16:29:00,63.0,0.000000
2015-09-15 16:34:00,62.0,0.297508
2015-09-15 16:39:00,62.0,0.000000
2015-09-15 16:44:00,66.0,0.452516
2015-09-15 16:49:00,63.0,0.000000
2015-09-15 16:54:00,65.0,0.688061
2015-09-15 16:59:00,65.0,0.000000
2015-09-15 17:04:00,63.0,0.716215
2015-09-15 17:09:00,62.0,0.000000
2015-09-15 17:14:00,66.0,0.374452
2015-09-15 17:19:00,64.0,0.000000
2015-09-15 17:24:00,60.0,0.719591
2015-09-15 17:29:00,62.0,0.000000
2015-09-15 17:39:00,65.0,0.802982
2015-09-15 17:44:00,63.0,0.549670
2015-09-15 17:49:00,63.0,0.000000
2015-09-15 17:54:00,66.0,0.440809
2015-09-15 17:59:00,65.0,0.000000
2015-09-15 18:04:00,64.0,0.490481
2015-09-15 18:09:00,64.0,0.000000
2015-09-15 18:14:00,66.0,0.356091
2015-09-15 18:19:00,63.0,0.000000
2015-09-15 18:24:00,62.0,0.573336
2015-09-15 18:34:00,62.0,0.664899
2015-09-15 18:39:00,64.0,0.000000
2015-09-15 18:44:00,61.0,0.366815
2015-09-15 18:49:00,65.0,0.000000
2015-09-15 18:54:00,64.0,0.699317
2015-09-15 18:59:00,68.0,0.000000
2015-09-15 19:04:00,67.0,0.778742
2015-09-15 19:09:00,68.0,0.000000
2015-09-15 19:14:00,65.0,0.377765
2015-09-15 19:29:00,66.0,0.458951
2015-09-15 19:34:00,62.0,0.354522
2015-09-15 19:39:00,64.0,0.000000
2015-09-15 19:44:00,61.0,0.549297
2015-09-15 19:49:00,63.0,0.000000
2015-09-15 19:54:00,63.0,0.775434
2015-09-15 19:59:00,65.0,0.000000
2015-09-15 20:09:00,60.0,0.503362
2015-09-15 20:14:00,62.0,0.235333
2015-09-15 20:19:00,61.0,0.000000
2015-09-15 20:24:00,62.0,0.323909
2015-09-15 20:29:00,59.0,0.000000
2015-09-15 20:34:00,64.0,0.498648
2015-09-15 20:39:00,66.0,0.000000
2015-09-15 20:44:00,64.0,0.476321
2015-09-15 20:49:00,58.0,0.000000
2015-09-15 20:54:00,64.0,0.709290
2015-09-15 20:59:00,64.0,0.000000
2015-09-15 21:04:00,62.0,0.690288
2015-09-15 21:09:00,65.0,0.000000
2015-09-15 21:14:00,61.0,0.837336
2015-09-15 21:19:00,62.0,0.000000
2015-09-15 21:24:00,65.0,0.762044
2015-09-15 21:29:00,60.0,0.000000
2015-09-15 21:34:00,62.0,0.721494
2015-09-15 21:39:00,64.0,0.000000
2015-09-15 21:49:00,61.0,0.615816
2015-09-15 21:54:00,60.0,0.528335
2015-09-15 21:59:00,65.0,0.000000
2015-09-15 22:04:00,61.0,0.579805
2015-09-15 22:14:00,61.0,0.721337
2015-09-15 22:19:00,60.0,0.000000
2015-09-15 22:24:00,59.0,0.046531
2015-09-15 22:29:00,63.0,0.000000
2015-09-15 22:34:00,60.0,0.511982
2015-09-15 22:39:00,65.0,0.000000
2015-09-15 22:44:00,66.0,0.793365
2015-09-15 22:59:00,62.0,0.494257
2015-09-15 23:04:00,62.0,0.400309
2015-09-15 23:14:00,58.0,0.552854
2015-09-15 23:19:00,59.0,0.000000
2015-09-15 23:24:00,61.0,0.504327
2015-09-15 23:29:00,63.0,0.000000
2015-09-15 23:34:00,60.0,0.359320
2015-09-15 23:44:00,63.0,0.503221
2015-09-16 00:04:00,68.0,0.661981
2015-09-16 00:09:00,55.0,0.000000
2015-09-16 00:19:00,65.0,0.913803
2015-09-16 00:24:00,66.0,0.732179
2015-09-16 00:34:00,62.0,0.914971
2015-09-16 00:44:00,63.0,0.468458
2015-09-16 00:59:00,62.0,0.591766
2015-09-16 01:14:00,55.0,0.459441
2015-09-16 01:19:00,48.0,0.000000
2015-09-16 01:29:00,62.0,0.313540
2015-09-16 01:39:00,57.0,0.457890
2015-09-16 02:14:00,63.0,0.834416
2015-09-16 02:34:00,64.0,0.661448
2015-09-16 02:49:00,59.0,0.472517
2015-09-16 03:04:00,52.0,0.376300
2015-09-16 03:14:00,59.0,0.847443
2015-09-16 03:19:00,65.0,0.000000
2015-09-16 03:29:00,50.0,0.674156
2015-09-16 03:34:00,68.0,0.779018
2015-09-16 03:39:00,59.0,0.000000
2015-09-16 03:49:00,65.0,0.970909
2015-09-16 03:59:00,65.0,0.933874
2015-09-16 04:04:00,64.0,0.309987
2015-09-16 04:14:00,60.0,0.531895
2015-09-16 04:24:00,67.0,0.818013
2015-09-16 04:29:00,66.0,0.000000
2015-09-16 04:39:00,67.0,0.973102
2015-09-16 04:44:00,62.0,0.631240
2015-09-16 04:49:00,61.0,0.000000
2015-09-16 04:54:00,63.0,0.506128
2015-09-16 04:59:00,63.0,0.000000
2015-09-16 05:04:00,61.0,0.440553
2015-09-16 05:09:00,64.0,0.000000
2015-09-16 05:14:00,64.0,0.661541
2015-09-16 05:19:00,64.0,0.000000
2015-09-16 05:24:00,65.0,0.511333
2015-09-16 05:29:00,67.0,0.000000
2015-09-16 05:34:00,63.0,0.267592
2015-09-16 05:39:00,64.0,0.000000
2015-09-16 05:44:00,66.0,0.535242
2015-09-16 05:49:00,67.0,0.000000
2015-09-16 05:54:00,63.0,0.807475
2015-09-16 05:59:00,64.0,0.000000
2015-09-16 06:04:00,65.0,0.535254
2015-09-16 06:09:00,62.0,0.000000
2015-09-16 06:14:00,61.0,0.602117
2015-09-16 06:19:00,62.0,0.000000
2015-09-16 06:24:00,64.0,0.476301
2015-09-16 06:29:00,66.0,0.000000
2015-09-16 06:34:00,63.0,0.264232
2015-09-16 06:39:00,65.0,0.000000
2015-09-16 06:44:00,66.0,0.511537
2015-09-16 06:49:00,64.0,0.000000
2015-09-16 06:54:00,63.0,0.472540
2015-09-16 06:59:00,64.0,0.000000
2015-09-16 07:04:00,61.0,0.277466
2015-09-16 07:09:00,64.0,0.000000
2015-09-16 07:14:00,66.0,0.737101
2015-09-16 07:19:00,65.0,0.000000
2015-09-16 07:24:00,63.0,0.504792
2015-09-16 07:29:00,62.0,0.000000
2015-09-16 07:34:00,64.0,0.309405
2015-09-16 07:39:00,61.0,0.000000
2015-09-16 07:44:00,61.0,0.509953
2015-09-16 07:49:00,65.0,0.000000
2015-09-16 07:54:00,25.0,0.786035
2015-09-16 07:59:00,19.0,0.000000
2015-09-16 08:04:00,15.0,0.992440
2015-09-16 08:09:00,17.0,0.000000
2015-09-16 08:14:00,24.0,1.000000
2015-09-16 08:19:00,25.0,0.000000
2015-09-16 08:24:00,19.0,0.737180
2015-09-16 08:29:00,39.0,0.000000
2015-09-16 08:34:00,21.0,1.000000
2015-09-16 08:39:00,22.0,0.000000
2015-09-16 08:44:00,41.0,0.981316
2015-09-16 08:49:00,65.0,0.000000
2015-09-16 08:54:00,61.0,0.960893
2015-09-16 08:59:00,60.0,0.000000
2015-09-16 09:04:00,65.0,0.462071
2015-09-16 09:09:00,62.0,0.000000
2015-09-16 09:14:00,61.0,1.000000
2015-09-16 09:19:00,63.0,0.000000
2015-09-16 09:24:00,64.0,0.493495
2015-09-16 09:29:00,60.0,0.000000
2015-09-16 09:34:00,62.0,0.942883
2015-09-16 09:39:00,64.0,0.000000
2015-09-16 09:44:00,63.0,0.391253
2015-09-16 09:49:00,65.0,0.000000
2015-09-16 09:54:00,63.0,1.000000
2015-09-16 09:59:00,61.0,0.000000
2015-09-16 10:04:00,62.0,0.126894
2015-09-16 10:09:00,61.0,0.000000
2015-09-16 10:14:00,64.0,0.447905
2015-09-16 10:19:00,63.0,0.000000
2015-09-16 10:24:00,56.0,0.634239
2015-09-16 10:29:00,64.0,0.000000
2015-09-16 10:34:00,65.0,0.999889
2015-09-16 10:39:00,65.0,0.000000
2015-09-16 10:44:00,66.0,0.776881
2015-09-16 10:49:00,65.0,0.000000
2015-09-16 10:54:00,63.0,0.593897
2015-09-16 10:59:00,61.0,0.000000
2015-09-16 11:04:00,61.0,0.274873
2015-09-16 11:09:00,59.0,0.000000
2015-09-16 11:14:00,62.0,1.000000
2015-09-16 11:19:00,57.0,0.000000
2015-09-16 11:24:00,60.0,0.694320
2015-09-16 11:29:00,62.0,0.000000
2015-09-16 11:34:00,62.0,0.576129
2015-09-16 11:39:00,64.0,0.000000
2015-09-16 11:44:00,66.0,0.326232
2015-09-16 11:49:00,62.0,0.000000
2015-09-16 11:54:00,64.0,0.662136
2015-09-16 11:59:00,62.0,0.000000
2015-09-16 12:04:00,60.0,0.757749
2015-09-16 12:09:00,62.0,0.000000
2015-09-16 12:14:00,63.0,0.536212
2015-09-16 12:19:00,62.0,0.000000
2015-09-16 12:24:00,65.0,0.356454
2015-09-16 12:29:00,64.0,0.000000
2015-09-16 12:34:00,64.0,0.997966
2015-09-16 12:39:00,64.0,0.000000
2015-09-16 12:44:00,62.0,0.379575
2015-09-16 12:49:00,61.0,0.000000
2015-09-16 12:54:00,64.0,0.475624
2015-09-16 12:59:00,66.0,0.000000
2015-09-16 13:04:00,62.0,0.326902
2015-09-16 13:09:00,64.0,0.000000
2015-09-16 13:14:00,63.0,0.684164
2015-09-16 13:19:00,60.0,0.000000
2015-09-16 13:24:00,64.0,0.414801
2015-09-16 13:29:00,66.0,0.000000
2015-09-16 13:34:00,62.0,0.420535
2015-09-16 13:39:00,63.0,0.000000
2015-09-16 13:44:00,59.0,0.451922
2015-09-16 13:49:00,59.0,0.000000
2015-09-16 13:54:00,64.0,0.977079
2015-09-16 13:59:00,60.0,0.000000
2015-09-16 14:04:00,62.0,0.731532
2015-09-16 14:09:00,61.0,0.000000
2015-09-16 14:14:00,63.0,0.755646
2015-09-16 14:19:00,67.0,0.000000
2015-09-16 14:24:00,67.0,0.397763
2015-09-16 14:29:00,66.0,0.000000
2015-09-16 14:30:00,65.0,0.628055
2015-09-16 14:35:00,61.0,0.000000
2015-09-16 14:40:00,66.0,0.846959
2015-09-16 14:45:00,63.0,0.000000
2015-09-16 14:50:00,61.0,0.766352
2015-09-16 14:55:00,62.0,0.000000
2015-09-16 15:00:00,69.0,0.840322
2015-09-16 15:05:00,64.0,0.000000
2015-09-16 15:10:00,63.0,0.767468
2015-09-16 15:15:00,66.0,0.000000
2015-09-16 15:25:00,60.0,0.708080
2015-09-16 15:30:00,60.0,0.655457
2015-09-16 15:35:00,62.0,0.000000
2015-09-16 15:40:00,56.0,0.853751
2015-09-16 15:45:00,61.0,0.000000
2015-09-16 15:50:00,61.0,0.874487
2015-09-16 15:55:00,66.0,0.000000
2015-09-16 16:00:00,66.0,0.757178
2015-09-16 16:05:00,65.0,0.000000
2015-09-16 16:10:00,64.0,0.588232
2015-09-16 16:15:00,64.0,0.000000
2015-09-16 16:20:00,62.0,0.463130
2015-09-16 16:25:00,69.0,0.000000
2015-09-16 16:30:00,67.0,0.914862
2015-09-16 16:35:00,65.0,0.000000
2015-09-16 16:40:00,68.0,0.840739
2015-09-16 16:45:00,64.0,0.000000
2015-09-16 16:50:00,66.0,0.809623
2015-09-16 16:55:00,68.0,0.000000
2015-09-16 17:00:00,60.0,0.906050
2015-09-16 17:05:00,65.0,0.000000
2015-09-16 17:10:00,63.0,0.941444
2015-09-16 17:15:00,66.0,0.000000
2015-09-16 17:20:00,59.0,0.909965
2015-09-16 17:25:00,66.0,0.000000
2015-09-16 17:30:00,63.0,0.967366
2015-09-16 17:35:00,65.0,0.000000
2015-09-16 17:40:00,56.0,0.983936
2015-09-16 17:45:00,64.0,0.000000
2015-09-16 17:50:00,62.0,0.937764
2015-09-16 17:55:00,67.0,0.000000
2015-09-16 18:00:00,66.0,0.864137
2015-09-16 18:05:00,64.0,0.000000
2015-09-16 18:10:00,64.0,0.461424
2015-09-16 18:15:00,63.0,0.000000
2015-09-16 18:20:00,66.0,0.732968
2015-09-16 18:25:00,62.0,0.000000
2015-09-16 18:30:00,67.0,0.867948
2015-09-16 18:35:00,69.0,0.000000
2015-09-16 18:40:00,64.0,0.871229
2015-09-16 18:45:00,66.0,0.000000
2015-09-16 18:50:00,63.0,0.880499
2015-09-16 18:55:00,65.0,0.000000
2015-09-16 19:00:00,64.0,0.642354
2015-09-16 19:05:00,63.0,0.000000
2015-09-16 19:10:00,54.0,0.882691
2015-09-16 19:15:00,63.0,0.000000
2015-09-16 19:20:00,64.0,0.872622
2015-09-16 19:25:00,75.0,0.000000
2015-09-16 19:30:00,62.0,1.000000
2015-09-16 19:35:00,61.0,0.000000
2015-09-16 19:40:00,64.0,0.942325
2015-09-16 19:45:00,65.0,0.000000
2015-09-16 19:50:00,64.0,0.697813
2015-09-16 19:55:00,63.0,0.000000
2015-09-16 20:00:00,62.0,0.326763
2015-09-16 20:05:00,62.0,0.000000
2015-09-16 20:10:00,64.0,0.704523
2015-09-16 20:15:00,57.0,0.000000
2015-09-16 20:20:00,65.0,0.952383
2015-09-16 20:25:00,60.0,0.000000
2015-09-16 20:30:00,62.0,0.955713
2015-09-16 20:35:00,63.0,0.000000
2015-09-16 20:40:00,69.0,0.812582
2015-09-16 20:45:00,59.0,0.000000
2015-09-16 20:50:00,52.0,0.741776
2015-09-16 20:55:00,57.0,0.000000
2015-09-16 21:00:00,61.0,0.426142
2015-09-16 21:05:00,60.0,0.000000
2015-09-16 21:10:00,60.0,0.925048
2015-09-16 21:15:00,66.0,0.000000
2015-09-16 21:20:00,64.0,0.781448
2015-09-16 21:25:00,63.0,0.000000
2015-09-16 21:30:00,65.0,0.911992
2015-09-16 21:35:00,68.0,0.000000
2015-09-16 21:40:00,62.0,0.890122
2015-09-16 21:45:00,54.0,0.000000
2015-09-16 21:50:00,63.0,0.958189
2015-09-16 21:55:00,67.0,0.000000
2015-09-16 22:05:00,62.0,0.870943
2015-09-16 22:14:00,73.0,0.833190
2015-09-16 22:20:00,68.0,0.883697
2015-09-16 22:30:00,62.0,0.793518
2015-09-16 22:35:00,64.0,0.000000
2015-09-16 22:40:00,64.0,0.000000
2015-09-16 22:45:00,63.0,0.000000
2015-09-16 22:50:00,60.0,0.661736
2015-09-16 22:55:00,67.0,0.000000
2015-09-16 23:00:00,60.0,0.919564
2015-09-16 23:05:00,63.0,0.000000
2015-09-16 23:10:00,67.0,0.800488
2015-09-16 23:15:00,63.0,0.000000
2015-09-16 23:25:00,62.0,0.713784
2015-09-16 23:40:00,62.0,0.586391
2015-09-16 23:45:00,67.0,0.000000
2015-09-16 23:55:00,57.0,0.880446
2015-09-17 00:00:00,59.0,0.814378
2015-09-17 00:05:00,57.0,0.000000
2015-09-17 00:10:00,59.0,0.828275
2015-09-17 00:20:00,70.0,0.557634
2015-09-17 00:25:00,62.0,0.000000
2015-09-17 00:30:00,65.0,0.850546
2015-09-17 00:50:00,59.0,0.733271
2015-09-17 00:55:00,64.0,0.000000
2015-09-17 01:05:00,66.0,0.407723
2015-09-17 01:10:00,58.0,0.874349
2015-09-17 01:20:00,55.0,0.716612
2015-09-17 01:30:00,65.0,0.491484
2015-09-17 01:45:00,61.0,0.419591
2015-09-17 02:15:00,62.0,0.835213
2015-09-17 03:05:00,66.0,0.812588
2015-09-17 03:30:00,57.0,0.886651
2015-09-17 03:45:00,60.0,0.182938
2015-09-17 03:50:00,60.0,0.674947
2015-09-17 04:05:00,65.0,0.000000
2015-09-17 04:10:00,44.0,0.984950
2015-09-17 04:15:00,52.0,0.000000
2015-09-17 04:20:00,37.0,0.999897
2015-09-17 04:25:00,48.0,0.000000
2015-09-17 04:30:00,57.0,0.857180
2015-09-17 04:35:00,66.0,0.000000
2015-09-17 04:40:00,60.0,0.966965
2015-09-17 04:50:00,60.0,0.922201
2015-09-17 04:55:00,64.0,0.000000
2015-09-17 05:00:00,60.0,0.783972
2015-09-17 05:05:00,58.0,0.000000
2015-09-17 05:10:00,63.0,1.000000
2015-09-17 05:15:00,64.0,0.000000
2015-09-17 05:20:00,63.0,0.677161
2015-09-17 05:25:00,62.0,0.000000
2015-09-17 05:30:00,65.0,0.682885
2015-09-17 05:35:00,63.0,0.000000
2015-09-17 05:40:00,62.0,0.513545
2015-09-17 05:45:00,64.0,0.000000
2015-09-17 05:50:00,62.0,0.936640
2015-09-17 05:55:00,69.0,0.000000
2015-09-17 06:00:00,61.0,0.963989
2015-09-17 06:05:00,63.0,0.000000
2015-09-17 06:10:00,61.0,0.927525
2015-09-17 06:15:00,61.0,0.000000
2015-09-17 06:20:00,58.0,0.544799
2015-09-17 06:25:00,59.0,0.000000
2015-09-17 06:30:00,59.0,0.299852
2015-09-17 06:35:00,69.0,0.000000
2015-09-17 06:40:00,61.0,0.958069
2015-09-17 06:45:00,60.0,0.000000
2015-09-17 06:50:00,57.0,0.954136
2015-09-17 06:55:00,53.0,0.000000
2015-09-17 07:00:00,61.0,0.892828
2015-09-17 07:05:00,65.0,0.000000
2015-09-17 07:10:00,61.0,0.871093
2015-09-17 07:15:00,60.0,0.000000
2015-09-17 07:20:00,62.0,0.707688
2015-09-17 07:25:00,60.0,0.000000
2015-09-17 07:30:00,62.0,0.727982
2015-09-17 07:35:00,55.0,0.000000
2015-09-17 07:40:00,60.0,0.914433
2015-09-17 07:45:00,26.0,0.000000
2015-09-17 07:50:00,34.0,0.999987
2015-09-17 07:55:00,15.0,0.000000
2015-09-17 08:00:00,23.0,0.999179
2015-09-17 08:05:00,35.0,0.000000
2015-09-17 08:10:00,38.0,0.899965
2015-09-17 08:15:00,11.0,0.000000
2015-09-17 08:20:00,43.0,0.999906
2015-09-17 08:25:00,26.0,0.000000
2015-09-17 08:30:00,47.0,1.000000
2015-09-17 08:35:00,63.0,0.000000
2015-09-17 08:40:00,55.0,0.991061
2015-09-17 08:45:00,65.0,0.000000
2015-09-17 08:55:00,65.0,0.980728
2015-09-17 09:00:00,64.0,0.711987
2015-09-17 09:05:00,61.0,0.000000
2015-09-17 09:10:00,59.0,0.997448
2015-09-17 09:15:00,63.0,0.000000
2015-09-17 09:20:00,67.0,0.361941
2015-09-17 09:25:00,62.0,0.000000
2015-09-17 09:30:00,60.0,0.819116
2015-09-17 09:35:00,62.0,0.000000
2015-09-17 09:40:00,63.0,0.014618
2015-09-17 09:45:00,63.0,0.000000
2015-09-17 09:50:00,65.0,1.000000
2015-09-17 09:55:00,62.0,0.000000
2015-09-17 10:00:00,65.0,0.800624
2015-09-17 10:05:00,62.0,0.000000
2015-09-17 10:10:00,62.0,0.726825
2015-09-17 10:15:00,62.0,0.000000
2015-09-17 10:20:00,65.0,0.661060
2015-09-17 10:25:00,65.0,0.000000
2015-09-17 10:30:00,63.0,0.830257
2015-09-17 10:35:00,61.0,0.000000
2015-09-17 10:40:00,57.0,0.654087
2015-09-17 10:45:00,54.0,0.000000
2015-09-17 10:50:00,57.0,0.816809
2015-09-17 10:55:00,62.0,0.000000
2015-09-17 11:00:00,60.0,0.771505
2015-09-17 11:05:00,64.0,0.000000
2015-09-17 11:10:00,59.0,0.959197
2015-09-17 11:15:00,64.0,0.000000
2015-09-17 11:20:00,63.0,0.847410
2015-09-17 11:25:00,61.0,0.000000
2015-09-17 11:30:00,63.0,0.643542
2015-09-17 11:35:00,65.0,0.000000
2015-09-17 11:40:00,60.0,0.780483
2015-09-17 11:45:00,60.0,0.000000
2015-09-17 11:50:00,62.0,0.526820
2015-09-17 11:55:00,65.0,0.000000
2015-09-17 12:00:00,58.0,0.864300
2015-09-17 12:05:00,65.0,0.000000
2015-09-17 12:10:00,62.0,0.948415
2015-09-17 12:15:00,54.0,0.000000
2015-09-17 12:20:00,51.0,0.592050
2015-09-17 12:25:00,51.0,0.000000
2015-09-17 12:30:00,56.0,0.943008
2015-09-17 12:35:00,57.0,0.000000
2015-09-17 12:40:00,46.0,0.935084
2015-09-17 12:45:00,56.0,0.000000
2015-09-17 12:50:00,56.0,0.945069
2015-09-17 12:55:00,56.0,0.000000
2015-09-17 13:00:00,60.0,0.677177
2015-09-17 13:05:00,61.0,0.000000
2015-09-17 13:10:00,64.0,0.715555
2015-09-17 13:15:00,67.0,0.000000
2015-09-17 13:20:00,66.0,0.654187
2015-09-17 13:25:00,61.0,0.000000
2015-09-17 13:30:00,62.0,0.813922
2015-09-17 13:35:00,59.0,0.000000
2015-09-17 13:40:00,63.0,0.867372
2015-09-17 13:45:00,68.0,0.000000
2015-09-17 13:50:00,66.0,0.928232
2015-09-17 13:55:00,63.0,0.000000
2015-09-17 14:00:00,66.0,0.810252
2015-09-17 14:05:00,62.0,0.000000
2015-09-17 14:10:00,60.0,0.725207
2015-09-17 14:15:00,63.0,0.000000
2015-09-17 14:20:00,68.0,0.518143
2015-09-17 14:25:00,63.0,0.000000
2015-09-17 14:30:00,65.0,0.789643
2015-09-17 14:34:00,57.0,0.000000
2015-09-17 14:39:00,65.0,0.000000
2015-09-17 14:44:00,60.0,0.942282
2015-09-17 14:49:00,62.0,0.000000
2015-09-17 14:54:00,65.0,0.924927
2015-09-17 14:58:00,67.0,0.000000
2015-09-17 15:04:00,62.0,0.451125
2015-09-17 15:08:00,65.0,0.000000
2015-09-17 15:13:00,61.0,0.798015
2015-09-17 15:18:00,66.0,0.000000
2015-09-17 15:23:00,63.0,0.666134
2015-09-17 15:28:00,69.0,0.000000
2015-09-17 15:34:00,64.0,0.473791
2015-09-17 15:38:00,64.0,0.000000
2015-09-17 15:43:00,62.0,0.328703
2015-09-17 15:48:00,68.0,0.000000
2015-09-17 15:49:00,65.0,0.000000
2015-09-17 15:54:00,69.0,0.643488
2015-09-17 15:59:00,61.0,0.000000
2015-09-17 16:04:00,66.0,0.768024
2015-09-17 16:09:00,65.0,0.000000
2015-09-17 16:14:00,65.0,0.827509
2015-09-17 16:19:00,60.0,0.000000
